COLLISION_ID,NUM_ACCIDENTS_BOROUGH,NUM_ACCIDENTS_ON_STREET,TIME_OF_DAY
4202340,1066,46,mattina
4215883,1066,46,pomeriggio
4202751,1066,46,sera
4205957,1066,46,mattina
4201906,1066,46,notte
4204536,1066,24,pomeriggio
4203528,1066,46,sera
4204544,1066,24,mattina
4203548,1066,2,sera
4204740,1066,2,pomeriggio
4205744,1066,46,sera
4204768,1066,46,mattina
4204371,303,31,pomeriggio
4204103,1066,46,notte
4206932,1066,24,pomeriggio
4204295,1066,46,mattina
4205078,1066,46,mattina
4208674,1066,46,sera
4206915,1066,24,pomeriggio
4206216,1066,46,sera
4210820,303,31,sera
4204920,303,31,mattina
4208361,303,31,sera
4206362,303,31,sera
4210065,1066,46,notte
4208276,303,31,pomeriggio
4207915,1513,0,sera
4207342,1066,24,sera
4208077,675,2,sera
4209412,303,31,pomeriggio
4208094,675,2,mattina
4209403,303,31,mattina
4208256,1066,24,mattina
4210498,1066,15,sera
4208091,1066,15,mattina
4209749,303,0,mattina
4210951,675,2,sera
4210715,303,31,sera
4209507,303,31,mattina
4209784,675,6,pomeriggio
4209925,675,27,pomeriggio
4210708,1513,215,sera
4212700,675,21,sera
4215896,675,21,sera
4210676,1066,8,pomeriggio
4209694,675,41,pomeriggio
4210330,1066,259,pomeriggio
4210309,1066,259,sera
4212037,1066,43,sera
4209880,1513,215,pomeriggio
4209854,675,24,pomeriggio
4210272,1066,259,pomeriggio
4210628,303,31,pomeriggio
4209956,675,10,sera
4210266,1066,11,pomeriggio
4210185,675,41,pomeriggio
4209883,1066,10,notte
4211506,1066,10,notte
4210525,1066,63,notte
4210964,675,1,mattina
4209905,675,85,sera
4210222,1066,259,sera
4210543,675,85,mattina
4210112,675,85,mattina
4211121,675,27,mattina
4212021,1066,43,notte
4210183,675,27,pomeriggio
4210199,1066,11,pomeriggio
4210450,59,17,sera
4210642,675,85,sera
4210465,1513,215,notte
4212202,1066,259,notte
4210198,59,17,pomeriggio
4209921,675,27,notte
4214124,1066,259,pomeriggio
4210743,1513,215,pomeriggio
4211254,1066,14,pomeriggio
4215350,1066,43,mattina
4210523,675,6,sera
4213210,59,17,sera
4210630,675,41,sera
4210524,675,85,sera
4210467,1513,215,sera
4210739,303,31,sera
4210362,675,1,sera
4210409,675,24,sera
4210555,1513,215,pomeriggio
4210214,675,27,pomeriggio
4211638,1066,7,mattina
4209940,675,41,notte
4210197,59,17,notte
4214496,1066,24,sera
4216203,675,9,sera
4210431,59,17,notte
4212001,59,7,notte
4209965,675,10,notte
4210116,1066,86,notte
4213494,1513,3,sera
4211157,675,27,sera
4210869,675,41,mattina
4210950,675,41,mattina
4211190,59,17,mattina
4211031,675,27,mattina
4211629,1066,24,mattina
4211152,675,21,mattina
4211328,1513,215,mattina
4211046,1066,259,pomeriggio
4212362,675,6,pomeriggio
4211373,1066,63,pomeriggio
4211187,59,17,pomeriggio
4211372,1066,259,mattina
4210970,675,9,mattina
4211720,675,10,sera
4211216,1066,259,sera
4210794,675,85,mattina
4211427,59,5,mattina
4210978,675,21,mattina
4211392,1513,215,pomeriggio
4236999,1513,215,pomeriggio
4211258,675,41,pomeriggio
4211067,1066,24,pomeriggio
4213566,1066,7,sera
4211010,675,27,mattina
4211572,675,85,mattina
4212264,1066,15,mattina
4211081,675,9,pomeriggio
4211500,1066,4,pomeriggio
4211289,675,85,sera
4213496,1513,215,sera
4211718,1513,215,sera
4211188,59,6,pomeriggio
4211415,59,5,pomeriggio
4211179,675,1,pomeriggio
4211154,675,2,pomeriggio
4211133,1066,24,pomeriggio
4211269,675,85,sera
4211998,1066,43,sera
4212153,1513,215,sera
4211503,675,6,mattina
4212208,59,3,mattina
4212117,1513,215,sera
4212913,675,85,mattina
4212210,1066,3,mattina
4211782,1066,10,mattina
4212084,1066,5,pomeriggio
4211906,1066,259,pomeriggio
4212549,59,17,pomeriggio
4212041,1066,259,pomeriggio
4211959,1066,43,pomeriggio
4211992,1066,14,pomeriggio
4212200,1066,3,pomeriggio
4212555,1066,259,pomeriggio
4211712,1066,5,mattina
4211949,675,85,sera
4253896,1066,11,sera
4213219,1066,259,notte
4212132,675,0,mattina
4212082,1066,5,mattina
4212127,1513,215,sera
4212410,1513,215,sera
4211456,675,41,mattina
4215560,1513,215,pomeriggio
4211864,675,41,sera
4212096,1066,63,sera
4212092,675,85,mattina
4211785,1066,63,mattina
4212704,675,21,mattina
4212421,1513,215,mattina
4212610,675,85,mattina
4212322,675,41,mattina
4212336,675,41,mattina
4212226,1066,259,mattina
4212761,675,21,pomeriggio
4212510,1066,8,pomeriggio
4212449,1066,10,mattina
4212318,675,27,mattina
4212556,1066,259,pomeriggio
4212746,1066,86,pomeriggio
4212620,675,2,pomeriggio
4215185,1513,215,sera
4212521,675,85,sera
4213452,1513,3,sera
4212498,675,41,sera
4214107,1066,86,sera
4212766,1513,215,sera
4213003,675,10,sera
4212365,1066,10,mattina
4212443,675,21,mattina
4212239,675,9,mattina
4216350,1066,7,mattina
4212604,675,6,mattina
4212731,675,41,mattina
4213416,59,3,mattina
4214149,1066,259,mattina
4212552,59,5,pomeriggio
4212848,1066,2,pomeriggio
4213004,675,10,sera
4212558,675,27,sera
4212358,1066,7,pomeriggio
4212517,675,2,notte
4212617,675,6,notte
4212545,59,17,mattina
4212314,675,24,mattina
4212605,675,6,mattina
4212542,59,17,mattina
4212136,675,85,mattina
4214627,1066,24,sera
4222190,1513,215,sera
4212356,675,41,mattina
4214125,1066,259,notte
4214986,1513,215,notte
4216428,1513,215,pomeriggio
4213753,1066,86,pomeriggio
4213316,675,2,pomeriggio
4213176,675,85,pomeriggio
4213652,675,4,pomeriggio
4214616,1066,3,pomeriggio
4213136,675,2,pomeriggio
4212868,675,1,mattina
4212974,675,24,mattina
4212995,675,10,mattina
4212819,675,21,mattina
4213923,1066,2,mattina
4213008,1066,2,mattina
4215012,1066,15,mattina
4213029,675,41,mattina
4216402,59,0,mattina
4213030,675,4,mattina
4213885,1066,4,mattina
4213212,59,5,pomeriggio
4215941,1066,2,pomeriggio
4213505,1513,215,pomeriggio
4214794,1513,215,pomeriggio
4213254,675,41,pomeriggio
4213321,675,6,pomeriggio
4213742,1066,43,pomeriggio
4213217,1066,24,pomeriggio
4213558,1066,259,pomeriggio
4213246,675,41,pomeriggio
4213301,675,2,pomeriggio
4213341,1066,43,pomeriggio
4213389,1066,5,pomeriggio
4213228,1066,3,pomeriggio
4213320,675,6,pomeriggio
4220638,1066,3,pomeriggio
4213113,675,24,pomeriggio
4215015,1066,2,mattina
4217637,1066,259,mattina
4212812,1066,11,mattina
4213446,1513,215,sera
4214652,1066,43,sera
4214151,675,24,sera
4214274,1066,259,sera
4214774,1513,215,mattina
4213709,59,7,sera
4218768,1513,215,sera
4213963,675,21,pomeriggio
4213208,59,17,pomeriggio
4214764,1066,1,pomeriggio
4215106,1513,215,sera
4215022,59,3,sera
4213269,675,27,sera
4214376,1066,3,notte
4213270,675,24,notte
4213635,675,85,mattina
4213594,675,2,mattina
4213734,675,21,mattina
4215926,675,41,sera
4213888,675,4,pomeriggio
4214749,675,24,pomeriggio
4224758,1066,259,pomeriggio
4213770,675,41,pomeriggio
4214140,1066,10,pomeriggio
4216525,59,4,pomeriggio
4214889,1066,43,sera
4213868,675,6,sera
4214257,675,9,sera
4214780,1066,86,sera
4214312,675,14,pomeriggio
4213755,675,85,pomeriggio
4214310,675,10,pomeriggio
4217725,1066,259,pomeriggio
4220869,1066,259,sera
4214864,675,21,sera
4214801,675,85,sera
4214152,675,24,mattina
4214043,59,5,notte
4214666,1066,43,pomeriggio
4213710,59,1,pomeriggio
4214882,1066,259,pomeriggio
4214400,1066,5,pomeriggio
4215175,59,5,pomeriggio
4213886,1066,15,pomeriggio
4213727,675,21,pomeriggio
4214040,59,5,pomeriggio
4213858,1513,215,sera
4215818,1513,215,sera
4215216,675,85,mattina
4213492,675,85,mattina
4214488,1066,11,sera
4214450,1513,215,pomeriggio
4213999,675,21,pomeriggio
4217532,675,85,pomeriggio
4214259,675,2,pomeriggio
4215189,1513,215,pomeriggio
4214226,1066,43,notte
4213996,675,21,notte
4214008,675,2,mattina
4214208,1066,7,pomeriggio
4221464,1066,4,pomeriggio
4214372,1066,11,mattina
4214742,59,7,mattina
4215229,59,7,mattina
4214080,59,6,mattina
4214818,1066,259,mattina
4215657,1513,215,pomeriggio
4214903,1066,22,pomeriggio
4214482,1066,259,pomeriggio
4216306,1513,215,pomeriggio
4214081,59,5,pomeriggio
4214803,675,21,pomeriggio
4214527,1066,5,pomeriggio
4214163,1513,215,sera
4214123,675,21,sera
4215752,675,27,sera
4215690,675,85,pomeriggio
4214234,675,6,pomeriggio
4214096,675,85,sera
4215288,1513,215,sera
4215237,1513,215,sera
4214002,675,9,mattina
4215290,1066,14,mattina
4219345,1066,14,mattina
4214684,1513,215,sera
4216087,1066,63,sera
4214202,675,21,sera
4214662,1066,8,pomeriggio
4216141,1513,215,pomeriggio
4214735,59,17,notte
4214736,59,4,mattina
4216233,1066,14,mattina
4214336,675,41,mattina
4214868,675,10,mattina
4214634,1066,10,sera
4214800,675,4,sera
4214530,1066,10,sera
4214722,59,17,sera
4214466,59,4,pomeriggio
4214518,59,4,pomeriggio
4215225,59,17,pomeriggio
4214468,59,5,pomeriggio
4214444,675,24,pomeriggio
4214610,1066,10,pomeriggio
4217110,1066,259,pomeriggio
4214429,1066,3,mattina
4214849,675,4,sera
4215753,675,27,pomeriggio
4282971,1066,259,mattina
4215642,1066,24,pomeriggio
4218858,59,1,mattina
4217717,1066,22,pomeriggio
4216395,1066,12,pomeriggio
4216400,675,41,mattina
4215705,675,41,mattina
4219268,1066,24,mattina
4220522,675,41,sera
4216593,1066,12,sera
4216753,1066,4,sera
4216716,1066,24,sera
4218950,1066,6,sera
4216638,1066,6,sera
4216735,1066,11,mattina
4221066,1066,24,mattina
4216723,1066,24,pomeriggio
4216279,675,41,mattina
4216637,1066,22,pomeriggio
4216632,1066,22,pomeriggio
4216516,675,41,sera
4217641,1066,11,mattina
4217715,1066,22,pomeriggio
4217343,1066,12,mattina
4217650,1066,22,notte
4218611,1066,22,mattina
4219270,1066,24,mattina
4218437,1066,24,mattina
4221078,1066,24,notte
4218218,1066,12,sera
4218177,1513,220,sera
4218609,1066,12,sera
4218608,1066,259,pomeriggio
4218140,1513,158,pomeriggio
4218134,675,24,pomeriggio
4217844,1513,158,notte
4218797,1066,63,notte
4218881,1066,12,mattina
4217922,675,42,mattina
4220800,1513,17,mattina
4218009,675,85,mattina
4217963,675,34,mattina
4219269,1066,63,mattina
4219159,1066,5,mattina
4218175,1513,100,pomeriggio
4219013,1513,27,pomeriggio
4218795,675,5,pomeriggio
4217923,675,21,mattina
4220413,1513,16,mattina
4218108,1066,5,mattina
4218359,1066,220,mattina
4218846,1513,83,mattina
4218230,1066,1,sera
4218972,1513,12,sera
4218085,1066,63,pomeriggio
4218625,1066,22,pomeriggio
4218257,675,12,pomeriggio
4223443,1066,22,pomeriggio
4218373,1513,16,pomeriggio
4219247,675,41,notte
4218278,675,42,mattina
4217941,1513,158,mattina
4217891,1066,12,mattina
4218598,1066,259,mattina
4218636,1066,17,pomeriggio
4218675,1513,34,pomeriggio
4218643,1066,43,pomeriggio
4218291,1066,5,pomeriggio
4218086,1066,63,pomeriggio
4220391,675,1,pomeriggio
4218131,1513,7,sera
4219110,1513,158,sera
4218144,1066,15,sera
4219234,675,5,sera
4218214,1066,10,sera
4218295,1066,12,sera
4218867,1066,8,sera
4218217,1066,6,sera
4220355,1513,34,sera
4218909,1066,43,sera
4219287,1513,35,sera
4218187,675,2,sera
4220389,1513,63,sera
4219012,1513,79,sera
4218454,1066,3,sera
4219714,1513,35,pomeriggio
4221131,1066,259,pomeriggio
4218408,1513,215,pomeriggio
4218084,675,20,pomeriggio
4218774,1513,215,pomeriggio
4218791,1066,86,pomeriggio
4217937,675,41,pomeriggio
4218882,1513,220,pomeriggio
4220333,1513,100,pomeriggio
4217995,675,85,pomeriggio
4218676,1513,34,pomeriggio
4220258,1513,100,pomeriggio
4218603,1066,259,pomeriggio
4217984,1513,100,mattina
4218109,1066,8,mattina
4218191,1066,7,mattina
4218049,675,14,notte
4218053,675,24,notte
4220698,675,4,notte
4222327,1066,43,notte
4217897,1513,158,notte
4219172,675,34,notte
4219192,1513,7,notte
4219027,1513,63,pomeriggio
4219741,675,85,pomeriggio
4218431,1513,61,pomeriggio
4220005,675,42,pomeriggio
4218479,1066,3,pomeriggio
4219046,1513,86,pomeriggio
4219605,1513,79,sera
4219048,1513,63,sera
4219164,1513,215,sera
4218913,1513,63,sera
4219244,1066,10,sera
4220334,1513,63,sera
4218887,1513,83,sera
4218630,1513,63,sera
4219044,1513,63,sera
4218893,1513,61,mattina
4219168,1066,5,mattina
4218780,675,6,mattina
4218424,1513,34,notte
4218294,1513,6,notte
4218829,1066,7,notte
4218800,675,85,pomeriggio
4218799,675,85,pomeriggio
4219322,1513,215,pomeriggio
4218925,1513,5,pomeriggio
4218506,675,58,pomeriggio
4222965,1066,43,sera
4219118,1513,6,sera
4219201,1513,7,sera
4219124,1513,215,sera
4218783,1513,215,sera
4218511,675,58,sera
4218497,675,85,sera
4219202,1513,7,sera
4219160,1513,7,sera
4219399,675,17,mattina
4219228,1513,61,mattina
4219324,675,24,mattina
4222326,1066,259,pomeriggio
4218276,675,2,notte
4222093,675,4,notte
4218386,1513,63,notte
4223323,675,58,notte
4218509,675,58,pomeriggio
4219045,1513,27,pomeriggio
4218544,675,9,pomeriggio
4218816,1513,220,pomeriggio
4221662,1066,14,pomeriggio
4219042,1513,63,pomeriggio
4218709,1513,61,sera
4219462,1513,63,sera
4220021,1066,10,mattina
4220479,675,4,mattina
4218253,1513,220,notte
4218252,1513,220,notte
4219474,1066,13,pomeriggio
4219873,1513,0,pomeriggio
4219905,1513,215,pomeriggio
4219819,675,85,pomeriggio
4219670,303,36,pomeriggio
4219330,675,2,mattina
4219331,675,2,mattina
4219278,675,85,mattina
4219824,1513,34,mattina
4220697,675,5,mattina
4219327,675,34,mattina
4219872,1513,5,mattina
4219973,1513,83,mattina
4219369,675,10,mattina
4219396,1513,5,mattina
4219298,675,12,mattina
4219684,1513,215,sera
4219597,1513,79,sera
4219507,1513,158,sera
4220412,675,4,sera
4219845,675,10,mattina
4219197,675,10,mattina
4219297,675,7,mattina
4221360,675,41,mattina
4219400,675,17,mattina
4219401,675,17,mattina
4219367,675,34,mattina
4220016,675,24,sera
4219647,1066,2,sera
4219502,675,58,sera
4220195,675,2,sera
4219941,1513,215,sera
4219743,1513,16,sera
4220949,675,21,pomeriggio
4221010,1513,7,pomeriggio
4221011,1513,63,pomeriggio
4221105,1066,259,pomeriggio
4219552,1066,0,pomeriggio
4219883,1513,13,pomeriggio
4220006,675,20,pomeriggio
4220309,675,34,pomeriggio
4220828,1066,12,sera
4219832,1513,12,pomeriggio
4219451,675,41,pomeriggio
4219895,675,41,pomeriggio
4219426,675,3,pomeriggio
4220219,1513,35,sera
4220261,1513,13,sera
4219402,675,41,mattina
4220473,303,6,mattina
4219439,675,41,mattina
4219292,1066,12,mattina
4226892,1513,79,pomeriggio
4220572,1066,3,pomeriggio
4220818,1066,259,pomeriggio
4219477,1066,220,pomeriggio
4219690,1513,220,pomeriggio
4220292,675,41,pomeriggio
4219481,1066,63,pomeriggio
4219417,675,17,pomeriggio
4219793,1066,6,pomeriggio
4220008,675,20,pomeriggio
4219988,1066,63,pomeriggio
4219420,675,12,pomeriggio
4219679,1513,63,pomeriggio
4219589,303,1,pomeriggio
4219485,675,21,pomeriggio
4219549,675,17,pomeriggio
4219531,675,85,pomeriggio
4220559,1066,259,notte
4219239,1513,5,notte
4222758,1513,220,notte
4220502,1513,63,sera
4229873,1513,215,sera
4219996,1066,5,sera
4219786,1066,6,sera
4219652,1513,16,sera
4220020,1066,46,sera
4226637,1513,86,mattina
4219374,1513,158,mattina
4219634,1513,158,notte
4218809,1513,79,notte
4221732,1513,7,sera
4220637,1066,63,sera
4220099,675,20,sera
4220098,675,42,sera
4221824,1513,83,sera
4222282,1513,34,sera
4220883,1513,5,pomeriggio
4220209,675,2,pomeriggio
4223821,675,58,pomeriggio
4220034,675,85,pomeriggio
4220494,1513,6,pomeriggio
4220243,1066,1,pomeriggio
4223081,675,42,mattina
4222457,1513,4,mattina
4221068,1066,259,mattina
4220224,1066,86,mattina
4220168,1513,220,mattina
4220090,675,4,pomeriggio
4220083,1066,8,pomeriggio
4221003,1513,13,pomeriggio
4220223,1066,63,pomeriggio
4220230,1066,86,pomeriggio
4220092,675,34,pomeriggio
4220131,675,58,pomeriggio
4220078,303,36,pomeriggio
4219998,1513,158,pomeriggio
4220024,1066,10,pomeriggio
4221100,1066,259,pomeriggio
4219713,1513,35,notte
4219877,675,34,mattina
4229201,1513,100,mattina
4227568,675,1,pomeriggio
4220395,1066,12,pomeriggio
4219911,1066,4,mattina
4220562,1066,259,mattina
4219891,675,20,mattina
4219755,1066,8,mattina
4219718,1513,220,mattina
4220023,1066,63,mattina
4219754,1066,13,mattina
4219821,1066,13,mattina
4219926,675,21,mattina
4220115,1066,8,mattina
4219933,675,21,mattina
4219871,675,58,mattina
4219827,1066,220,mattina
4220198,675,14,mattina
4219756,1513,83,mattina
4223088,1513,7,mattina
4222962,1066,46,mattina
4220134,1513,158,sera
4220532,675,2,sera
4237936,1513,220,sera
4226231,1513,63,notte
4220452,1513,7,notte
4220144,1066,63,pomeriggio
4221672,675,85,pomeriggio
4220943,675,42,pomeriggio
4220212,675,14,pomeriggio
4220511,1513,13,pomeriggio
4220478,1513,215,mattina
4220643,303,6,pomeriggio
4220803,1513,0,pomeriggio
4221217,675,58,pomeriggio
4221731,1066,12,pomeriggio
4220825,1066,12,sera
4220970,675,3,pomeriggio
4220568,1066,220,pomeriggio
4221161,675,21,pomeriggio
4220653,675,85,pomeriggio
4220837,1513,86,pomeriggio
4220685,1513,83,pomeriggio
4220896,303,10,pomeriggio
4223266,1513,158,pomeriggio
4220284,675,21,mattina
4231956,1066,4,pomeriggio
4222583,1066,63,pomeriggio
4220500,1513,7,pomeriggio
4220566,1513,158,pomeriggio
4220947,675,42,mattina
4221355,675,0,mattina
4221348,1513,215,sera
4220605,1066,259,sera
4220599,1066,8,sera
4220667,1066,12,notte
4220281,1066,259,notte
4220793,675,42,notte
4220716,1066,63,sera
4220937,1513,7,sera
4222355,1066,17,sera
4223814,1513,158,sera
4220830,675,58,sera
4220556,1066,17,pomeriggio
4221154,675,20,sera
4220705,675,85,sera
4220736,1066,46,sera
4220660,675,85,sera
4220614,1513,79,sera
4220628,1066,259,sera
4220673,1066,7,sera
4221316,1066,46,sera
4220633,675,85,sera
4220670,675,41,sera
4220587,675,41,sera
4220388,1066,5,mattina
4220930,1513,11,mattina
4220466,675,42,mattina
4221501,1513,83,mattina
4221323,675,4,pomeriggio
4221859,1513,1,pomeriggio
4221871,1513,215,pomeriggio
4221919,1513,215,pomeriggio
4220994,675,41,pomeriggio
4220804,1066,259,notte
4220942,675,12,notte
4221153,675,20,notte
4220978,675,85,pomeriggio
4223992,1066,43,pomeriggio
4220982,1513,63,pomeriggio
4221025,1066,63,pomeriggio
4221588,1066,220,pomeriggio
4221435,675,85,sera
4221264,1066,63,sera
4220740,1513,83,mattina
4222191,1513,35,mattina
4220887,675,58,mattina
4221616,1066,259,mattina
4221081,1066,259,mattina
4220781,1066,6,mattina
4220844,675,85,mattina
4221026,675,58,mattina
4220933,675,34,mattina
4221457,303,10,mattina
4221863,1513,7,mattina
4221643,1066,6,pomeriggio
4222681,1066,6,pomeriggio
4221216,1066,7,pomeriggio
4221230,675,58,pomeriggio
4221626,1066,1,pomeriggio
4221097,675,58,pomeriggio
4221959,1066,259,mattina
4220957,1066,220,mattina
4220892,1513,5,mattina
4220934,1513,83,mattina
4222354,1066,259,mattina
4220857,1513,63,mattina
4221024,675,58,pomeriggio
4222324,675,20,pomeriggio
4221285,675,2,pomeriggio
4221497,1513,5,pomeriggio
4221304,1513,13,mattina
4220880,675,41,mattina
4221633,1066,7,mattina
4221215,1066,7,mattina
4221884,1513,4,sera
4221280,1513,61,sera
4221423,675,21,sera
4221184,1513,158,sera
4221198,675,58,sera
4221587,1513,215,sera
4221865,1513,215,sera
4222239,1066,7,sera
4221502,1513,79,sera
4221847,1513,83,sera
4221342,1513,83,sera
4221897,1066,12,sera
4221279,1513,63,sera
4221173,675,21,sera
4221167,675,42,sera
4220886,1513,11,mattina
4220792,675,34,mattina
4221353,675,9,pomeriggio
4221958,1066,259,pomeriggio
4221726,1066,63,pomeriggio
4222664,1066,6,pomeriggio
4221168,1066,220,pomeriggio
4221047,675,58,pomeriggio
4221864,1513,7,pomeriggio
4223095,1513,35,pomeriggio
4225011,675,85,pomeriggio
4222019,303,6,pomeriggio
4221141,675,21,pomeriggio
4221361,1066,4,pomeriggio
4221033,1513,215,pomeriggio
4221657,1066,8,sera
4221185,1513,61,sera
4221283,1513,83,sera
4221284,675,0,sera
4221142,675,42,sera
4221251,1513,63,sera
4221368,1513,220,sera
4221805,675,85,sera
4223976,1066,7,sera
4220985,303,10,notte
4220712,1066,63,notte
4221690,675,85,sera
4222159,1513,63,sera
4222144,1513,61,sera
4222389,1066,259,sera
4222027,303,6,mattina
4221651,675,21,mattina
4222678,1066,1,mattina
4222606,1066,13,mattina
4222136,1513,100,pomeriggio
4222704,1066,2,pomeriggio
4221621,1066,259,pomeriggio
4221845,1513,158,pomeriggio
4221813,675,5,pomeriggio
4221901,1066,6,sera
4234455,1066,46,sera
4221785,675,34,sera
4221820,675,5,sera
4223633,675,21,sera
4222312,1513,34,sera
4222204,1513,12,sera
4221407,1066,46,notte
4221894,1066,12,notte
4221523,675,1,notte
4223775,1066,259,mattina
4221869,1513,6,mattina
4222127,675,2,mattina
4222680,1066,7,mattina
4222997,1513,215,mattina
4222886,675,34,mattina
4221796,303,220,mattina
4222711,675,12,pomeriggio
4221814,675,85,pomeriggio
4221735,1066,46,pomeriggio
4223098,1513,12,mattina
4222067,1066,13,mattina
4221630,1066,46,mattina
4221808,675,3,mattina
4222120,1066,12,mattina
4221811,1513,27,pomeriggio
4221674,675,85,pomeriggio
4221697,1066,220,pomeriggio
4226209,1513,63,pomeriggio
4221876,1513,63,pomeriggio
4221853,1513,215,pomeriggio
4222719,1513,220,pomeriggio
4221710,1066,259,pomeriggio
4222440,1066,12,pomeriggio
4222609,1066,86,pomeriggio
4221646,675,34,pomeriggio
4221648,675,34,pomeriggio
4222206,1513,63,pomeriggio
4221689,675,85,pomeriggio
4221709,1066,5,pomeriggio
4221888,1513,86,pomeriggio
4221787,303,36,pomeriggio
4221858,1513,2,sera
4222827,1513,215,sera
4222449,675,20,sera
4223092,675,20,sera
4221996,675,21,sera
4247922,1066,259,sera
4223119,1513,215,mattina
4221357,675,5,mattina
4221636,675,6,pomeriggio
4221600,675,42,pomeriggio
4221973,675,85,sera
4222646,1066,259,sera
4222330,1066,43,sera
4222416,675,58,sera
4221261,1066,259,notte
4221498,1513,215,notte
4221658,1066,8,notte
4221866,1513,63,sera
4222147,1513,79,sera
4224834,1066,2,sera
4221717,675,12,sera
4221526,675,20,notte
4222280,1066,1,pomeriggio
4224149,1513,215,pomeriggio
4222422,675,58,pomeriggio
4222394,1066,6,pomeriggio
4222151,675,17,pomeriggio
4223206,675,34,sera
4222074,1066,63,sera
4222303,675,17,sera
4222252,1066,13,pomeriggio
4223309,1513,83,pomeriggio
4221926,675,85,pomeriggio
4221921,675,85,pomeriggio
4222271,1513,100,sera
4223023,1066,10,sera
4222126,1066,43,sera
4222453,675,42,mattina
4222103,675,6,mattina
4222153,675,11,mattina
4221994,1066,18,mattina
4224526,675,58,mattina
4223273,1513,100,mattina
4221822,59,7,notte
4222611,1066,13,notte
4222452,675,34,notte
4222730,1513,158,sera
4222049,675,41,sera
4222328,1066,259,sera
4222462,675,42,sera
4222224,1066,46,sera
4223366,1513,27,pomeriggio
4221991,1066,18,pomeriggio
4222272,1513,61,pomeriggio
4221981,675,10,pomeriggio
4222081,675,4,pomeriggio
4221983,675,17,pomeriggio
4226034,1513,78,pomeriggio
4222333,1066,259,sera
4224624,675,24,sera
4222038,303,6,sera
4222180,675,34,pomeriggio
4222044,1513,220,pomeriggio
4221974,675,85,pomeriggio
4225652,303,36,pomeriggio
4221997,675,21,pomeriggio
4221993,675,21,pomeriggio
4223022,1066,43,pomeriggio
4221980,675,10,mattina
4222612,1066,63,mattina
4221938,1513,16,mattina
4222673,1066,2,mattina
4225404,1066,12,pomeriggio
4223037,1066,259,pomeriggio
4222549,675,4,pomeriggio
4231169,675,58,pomeriggio
4222774,1066,11,mattina
4221998,675,58,mattina
4222215,1513,86,mattina
4221942,675,41,mattina
4222482,1066,215,mattina
4222301,303,220,mattina
4222779,675,0,notte
4222008,675,58,notte
4222754,1513,100,notte
4221771,1513,158,notte
4221777,675,41,notte
4222284,1513,34,notte
4223014,1513,34,notte
4222193,1066,13,sera
4223060,1066,215,pomeriggio
4222741,1066,12,notte
4222390,1066,259,notte
4222329,1066,43,notte
4221828,675,85,notte
4222266,1513,220,sera
4222617,1066,86,sera
4222417,675,58,sera
4221868,1513,63,mattina
4222686,303,36,notte
4222564,1066,4,sera
4223596,675,17,sera
4223034,1066,7,sera
4223759,1066,61,sera
4222591,1066,46,sera
4223373,1513,34,sera
4223087,1513,7,sera
4222879,1513,63,sera
4222990,303,36,sera
4222778,1066,43,sera
4222347,675,41,pomeriggio
4223382,303,1,pomeriggio
4224932,1066,8,pomeriggio
4222429,1513,61,pomeriggio
4223847,1066,14,pomeriggio
4222305,675,58,notte
4222135,675,17,notte
4222249,675,4,pomeriggio
4222689,303,6,pomeriggio
4223549,675,17,pomeriggio
4222436,1066,22,notte
4222060,675,7,notte
4222335,1513,86,notte
4224001,1513,50,notte
4222314,1513,34,notte
4222066,1066,12,notte
4223583,303,13,notte
4225687,1513,17,pomeriggio
4223402,675,11,pomeriggio
4222295,1513,83,pomeriggio
4223089,1513,7,sera
4223117,1513,220,sera
4223043,1066,259,sera
4223002,1513,79,sera
4226718,1066,7,mattina
4222854,1513,34,mattina
4222489,675,24,pomeriggio
4223042,1066,259,pomeriggio
4222513,1513,215,notte
4223230,675,2,mattina
4222815,675,41,sera
4222749,675,17,sera
4224487,1066,63,sera
4222473,1066,63,sera
4222747,1513,158,pomeriggio
4222427,1066,14,pomeriggio
4223028,1066,15,pomeriggio
4236817,1513,63,notte
4222484,675,41,mattina
4223704,675,3,sera
4222999,303,36,sera
4222576,1513,63,sera
4223132,1513,5,sera
4223272,1513,61,sera
4222835,1513,13,sera
4222307,675,17,pomeriggio
4222515,1513,50,pomeriggio
4222431,1066,11,pomeriggio
4222469,675,21,pomeriggio
4223640,675,24,pomeriggio
4222729,675,17,pomeriggio
4222765,1066,22,mattina
4222343,1066,4,mattina
4226644,1513,4,mattina
4224838,1066,2,mattina
4222613,675,17,notte
4222700,675,17,mattina
4222619,1066,63,sera
4224644,1513,4,sera
4222437,1066,7,notte
4223380,1066,43,mattina
4223557,1066,259,pomeriggio
4223859,1066,259,pomeriggio
4223787,1066,46,pomeriggio
4223270,1066,43,sera
4223211,675,41,sera
4223214,675,34,pomeriggio
4223265,1513,83,pomeriggio
4223683,59,7,sera
4223337,1066,259,sera
4223292,675,34,sera
4223069,1513,215,mattina
4223560,1513,78,pomeriggio
4223451,1513,78,pomeriggio
4223178,1513,220,pomeriggio
4223274,1066,12,pomeriggio
4223516,1513,13,mattina
4223067,1513,50,mattina
4223297,675,58,mattina
4223149,675,58,mattina
4223151,675,3,pomeriggio
4223154,675,3,pomeriggio
4227103,1066,30,pomeriggio
4223267,1066,10,pomeriggio
4223360,1513,220,pomeriggio
4222963,675,34,mattina
4223294,675,58,notte
4224836,1066,4,pomeriggio
4226474,675,11,pomeriggio
4224162,1066,78,pomeriggio
4225014,1066,78,pomeriggio
4223587,303,13,mattina
4223500,1066,6,mattina
4223502,1066,6,notte
4223879,1066,259,pomeriggio
4223702,1066,215,pomeriggio
4223815,1513,220,pomeriggio
4224396,1066,220,pomeriggio
4227076,1066,30,pomeriggio
4223905,1513,63,pomeriggio
4223806,1066,0,pomeriggio
4223445,1513,83,mattina
4223742,1513,86,mattina
4223798,1066,11,mattina
4223486,675,34,mattina
4224561,1513,215,mattina
4224113,1513,79,mattina
4227020,1066,14,mattina
4224917,1066,63,pomeriggio
4223846,1066,6,pomeriggio
4226957,675,10,pomeriggio
4224014,675,58,sera
4225538,1513,63,sera
4224500,1513,50,pomeriggio
4223865,1066,259,pomeriggio
4223607,303,13,pomeriggio
4224006,1513,215,pomeriggio
4224853,1066,220,pomeriggio
4223880,1066,259,pomeriggio
4223752,303,13,pomeriggio
4224011,1513,11,pomeriggio
4226803,1513,26,mattina
4223554,1066,1,mattina
4223450,1513,63,mattina
4224704,1066,22,sera
4223772,1513,215,sera
4223653,675,41,sera
4224098,675,41,sera
4223341,1066,78,mattina
4226545,1066,43,mattina
4223458,675,2,mattina
4223779,1066,14,sera
4223783,1066,259,sera
4223697,1066,215,sera
4223797,1513,63,sera
4223306,1066,259,notte
4224076,1066,259,notte
4224053,675,58,pomeriggio
4224154,1513,83,pomeriggio
4225221,1513,83,pomeriggio
4225787,1066,259,pomeriggio
4224039,1513,158,mattina
4224123,1513,158,mattina
4246498,1066,78,pomeriggio
4224179,1066,3,pomeriggio
4225405,1066,10,pomeriggio
4225215,1513,83,pomeriggio
4224176,1066,4,pomeriggio
4224121,1513,158,mattina
4224431,1513,0,mattina
4224820,675,41,mattina
4223794,1513,0,notte
4225222,1513,83,notte
4224390,1066,1,notte
4224814,1066,14,pomeriggio
4224712,1066,259,pomeriggio
4228219,1066,259,pomeriggio
4224410,1513,100,pomeriggio
4224436,1513,79,pomeriggio
4224417,1066,11,pomeriggio
4224387,1066,11,pomeriggio
4223920,675,34,mattina
4224066,1513,220,mattina
4224424,1513,78,mattina
4227038,1066,14,sera
4224399,1066,78,sera
4224207,1513,83,sera
4227452,675,11,sera
4225747,1066,14,sera
4225697,675,11,sera
4224846,1066,22,sera
4224261,1513,100,sera
4226605,1066,46,sera
4226534,1066,43,sera
4225347,1066,18,sera
4224319,1066,78,sera
4224265,1513,79,sera
4224975,1513,79,sera
4224259,1513,158,sera
4224397,1066,78,sera
4224257,1066,220,sera
4224225,675,41,sera
4230620,1066,2,sera
4227073,1066,215,sera
4224079,1066,46,notte
4224194,1513,79,pomeriggio
4224461,1066,10,pomeriggio
4226205,1513,78,pomeriggio
4224418,1513,78,pomeriggio
4224264,1513,158,pomeriggio
4224267,1066,18,pomeriggio
4224829,1066,18,pomeriggio
4224391,1513,12,pomeriggio
4235232,1066,215,mattina
4225135,1513,13,mattina
4224551,1513,50,mattina
4224373,1066,78,notte
4224312,675,58,notte
4225188,1066,259,notte
4224992,1513,86,pomeriggio
4224783,675,1,pomeriggio
4225706,1066,46,pomeriggio
4225145,1066,6,pomeriggio
4225442,1513,50,pomeriggio
4225790,1513,63,sera
4226497,1513,50,sera
4226174,1066,1,sera
4230567,1513,86,sera
4224883,1066,259,sera
4226522,1066,43,mattina
4225416,1513,78,mattina
4224556,1513,78,mattina
4224730,1066,259,mattina
4224519,1513,215,mattina
4224995,1066,46,mattina
4225112,1066,63,mattina
4227108,1066,215,mattina
4226279,1513,63,pomeriggio
4224780,1066,4,pomeriggio
4226132,1066,63,pomeriggio
4226722,1066,2,sera
4233337,1066,43,sera
4224713,1066,11,mattina
4224980,1066,12,mattina
4224852,1066,63,sera
4226646,1513,100,sera
4225006,1513,86,sera
4225694,1513,50,mattina
4224732,1066,259,mattina
4225025,1513,63,pomeriggio
4225031,1066,34,pomeriggio
4227687,1066,18,pomeriggio
4226613,303,13,pomeriggio
4224987,1066,43,pomeriggio
4224875,1066,11,sera
4225144,1066,78,pomeriggio
4225233,1513,79,pomeriggio
4225379,675,17,pomeriggio
4227987,1066,11,sera
4228089,1513,79,sera
4225450,1066,43,sera
4226037,1513,78,sera
4224777,675,58,mattina
4224775,675,58,mattina
4224824,675,41,mattina
4224897,1066,63,mattina
4227433,1066,63,mattina
4224990,1513,26,mattina
4227049,1066,14,pomeriggio
4225020,1066,78,pomeriggio
4225403,1513,158,pomeriggio
4225007,1513,78,pomeriggio
4224731,1066,30,mattina
4229110,1066,14,mattina
4227409,675,58,sera
4225002,1066,259,sera
4225045,1513,215,sera
4229000,1066,43,sera
4225179,1066,259,notte
4227360,1513,3,sera
4226129,1066,22,sera
4225479,1066,18,sera
4226575,1513,220,sera
4226573,1066,12,sera
4226582,1513,220,sera
4226584,1513,220,sera
4229461,1066,46,sera
4228993,1066,43,sera
4226266,1066,46,sera
4226033,1513,3,sera
4226750,1066,11,sera
4226024,1066,78,mattina
4225274,1513,100,mattina
4225693,1513,12,mattina
4225326,1513,220,mattina
4226772,675,58,pomeriggio
4225374,675,58,pomeriggio
4225600,1066,78,pomeriggio
4225556,1513,63,pomeriggio
4225401,1513,3,pomeriggio
4225504,1066,220,pomeriggio
4225447,1066,46,pomeriggio
4225268,675,11,mattina
4225587,1066,63,sera
4226583,1513,26,sera
4225217,1066,220,mattina
4225301,1513,86,mattina
4225584,1066,12,pomeriggio
4229156,1513,35,sera
4225963,1513,220,sera
4225578,675,34,sera
4226547,1066,78,sera
4225496,1066,78,mattina
4226294,1066,259,mattina
4225614,1513,86,mattina
4225236,1513,26,mattina
4225226,1513,79,mattina
4226123,1066,63,notte
4228317,1066,259,mattina
4229079,1066,18,mattina
4225992,1066,30,mattina
4225218,1066,6,mattina
4225257,1513,3,mattina
4225641,1066,78,sera
4228945,675,34,pomeriggio
4225352,1066,3,pomeriggio
4226574,1513,220,pomeriggio
4225407,675,41,pomeriggio
4225542,1513,215,pomeriggio
4225678,675,58,pomeriggio
4225635,1066,78,mattina
4225232,1513,83,mattina
4227040,1066,14,pomeriggio
4226340,1513,50,pomeriggio
4227006,675,17,pomeriggio
4225485,675,41,pomeriggio
4225636,1066,78,pomeriggio
4226039,1513,3,pomeriggio
4225375,1513,220,pomeriggio
4225315,1066,11,pomeriggio
4226748,1066,78,pomeriggio
4226256,675,11,pomeriggio
4225077,1066,63,notte
4225241,1066,78,notte
4226724,1066,4,notte
4224957,1066,78,notte
4225726,1513,220,notte
4226753,1066,78,notte
4233476,1513,13,notte
4225999,1513,8,notte
4226040,1513,3,pomeriggio
4226738,675,17,pomeriggio
4225911,1066,259,sera
4225838,1513,215,sera
4225728,1513,220,notte
4226647,1513,13,pomeriggio
4226001,1513,8,pomeriggio
4226274,1513,63,pomeriggio
4226079,675,17,pomeriggio
4226239,1513,8,pomeriggio
4226135,1066,43,pomeriggio
4226632,1513,86,pomeriggio
4226236,1513,63,pomeriggio
4225769,1066,63,pomeriggio
4225723,1513,100,sera
4226252,675,2,sera
4225945,1066,259,sera
4226591,1066,0,sera
4226799,675,58,sera
4226106,1066,3,sera
4225724,1513,220,sera
4226061,1513,158,sera
4226000,1513,8,pomeriggio
4227217,1066,259,pomeriggio
4226739,675,17,sera
4226569,1066,43,sera
4225783,1066,220,sera
4226383,1066,6,sera
4228891,1066,259,sera
4227028,675,58,sera
4225696,1066,220,pomeriggio
4227109,1066,215,pomeriggio
4226609,1513,100,pomeriggio
4225648,675,34,pomeriggio
4225650,1066,63,pomeriggio
4225646,1513,220,pomeriggio
4225670,675,17,pomeriggio
4226081,675,17,pomeriggio
4226550,1066,78,pomeriggio
4225606,1066,63,mattina
4226241,1513,12,mattina
4225667,675,11,mattina
4226610,1066,11,mattina
4226260,675,2,sera
4226355,1513,0,sera
4227271,1513,86,notte
4225825,1066,30,sera
4226207,1513,63,notte
4225964,1513,63,notte
4225544,1513,8,notte
4236919,1066,78,notte
4226014,1066,63,mattina
4225792,1513,215,mattina
4226603,1513,220,mattina
4225611,1066,78,mattina
4226808,675,34,mattina
4226598,1513,100,mattina
4225729,1066,78,mattina
4225555,1513,100,mattina
4227769,1066,46,mattina
4229561,1066,78,mattina
4232281,1066,215,notte
4226562,1066,78,pomeriggio
4229923,1066,63,pomeriggio
4229502,1513,158,pomeriggio
4227440,1066,259,pomeriggio
4229483,1066,2,notte
4226607,1066,46,notte
4226019,1513,63,notte
4225778,1513,220,notte
4227088,1066,259,notte
4227851,1513,100,notte
4226360,1066,259,sera
4226504,1513,35,sera
4227186,1513,3,sera
4226198,1066,18,sera
4226391,1513,158,sera
4226836,675,11,sera
4226630,1066,215,sera
4226180,1066,63,sera
4226654,675,34,sera
4226395,1513,3,sera
4228715,1513,215,sera
4227995,1066,8,sera
4226346,1513,63,sera
4235230,1066,215,notte
4225784,1066,11,notte
4226606,1066,11,sera
4227144,1066,43,sera
4226802,1066,46,sera
4226819,675,34,mattina
4226020,1066,12,pomeriggio
4226022,1066,63,pomeriggio
4226347,1066,259,pomeriggio
4226626,1066,78,notte
4226393,1513,79,notte
4225899,675,11,notte
4226949,1066,78,notte
4229111,1066,78,sera
4226054,1513,6,pomeriggio
4227095,1513,6,pomeriggio
4227782,1513,1,pomeriggio
4227996,1066,4,sera
4226937,675,1,sera
4228573,1513,220,notte
4225995,1066,11,notte
4226964,1513,78,notte
4228143,1513,1,notte
4227183,1066,259,pomeriggio
4226352,1513,2,pomeriggio
4226103,1066,18,pomeriggio
4227282,1513,158,pomeriggio
4226151,1513,13,mattina
4226486,1066,78,mattina
4227664,1066,22,mattina
4226965,1513,220,mattina
4226879,1513,158,mattina
4226972,1513,35,mattina
4227354,303,1,pomeriggio
4227283,1513,83,pomeriggio
4227234,1513,100,pomeriggio
4227307,1066,63,sera
4230167,1513,8,sera
4227368,1066,63,mattina
4227436,1513,78,mattina
4228318,1066,259,mattina
4226998,303,1,mattina
4227960,1513,158,mattina
4227312,1513,63,pomeriggio
4227818,1513,50,pomeriggio
4226967,1513,3,pomeriggio
4227343,1066,63,pomeriggio
4226882,1513,86,mattina
4227892,1513,220,mattina
4232868,1066,259,mattina
4226975,1066,63,mattina
4227184,1066,11,mattina
4227446,1066,11,mattina
4227788,1513,1,pomeriggio
4227241,1513,158,sera
4226714,1066,78,notte
4227925,1066,2,sera
4227659,1513,100,sera
4227650,1066,78,sera
4227921,1066,259,sera
4228345,1513,215,sera
4228154,1513,215,sera
4227817,1513,12,sera
4228135,1066,78,sera
4227790,1513,1,sera
4228185,1513,86,pomeriggio
4227802,1513,63,pomeriggio
4228765,1513,86,sera
4228426,1513,220,sera
4231990,1513,158,sera
4228576,1513,100,sera
4227920,1066,11,mattina
4227854,1066,1,mattina
4227778,1513,79,mattina
4227855,1513,220,mattina
4227662,1513,3,pomeriggio
4233240,1513,78,pomeriggio
4227611,1513,79,pomeriggio
4227845,1513,158,sera
4227964,1513,5,sera
4230015,1513,63,sera
4228717,1513,0,sera
4228572,1513,100,sera
4230912,1513,17,sera
4227821,1513,50,mattina
4227779,1513,100,pomeriggio
4227928,1513,215,mattina
4227675,1513,100,sera
4228425,1513,100,sera
4230118,1513,3,sera
4227897,1513,215,pomeriggio
4227856,1513,61,pomeriggio
4227532,1513,78,pomeriggio
4227667,1066,259,notte
4235620,1513,12,mattina
4227536,1513,50,mattina
4227439,1513,26,mattina
4228515,1066,3,pomeriggio
4228307,1066,4,pomeriggio
4227528,1513,220,mattina
4227637,1513,86,mattina
4228291,1066,11,mattina
4230768,1513,17,pomeriggio
4230109,1513,63,pomeriggio
4228532,1066,259,pomeriggio
4228564,1066,63,sera
4228411,1513,158,sera
4228579,1513,26,sera
4228218,1513,158,pomeriggio
4229390,1513,158,pomeriggio
4228531,1066,259,pomeriggio
4237632,1513,215,pomeriggio
4228316,1066,78,pomeriggio
4228157,1513,215,pomeriggio
4235405,1513,79,pomeriggio
4230148,1513,63,pomeriggio
4228575,1513,26,pomeriggio
4229152,1513,35,sera
4230158,1513,63,sera
4228568,1513,63,sera
4228569,1513,26,pomeriggio
4228465,1513,61,pomeriggio
4228819,1513,6,pomeriggio
4229500,1513,12,pomeriggio
4228585,1513,26,pomeriggio
4228632,1513,2,notte
4230136,1513,78,pomeriggio
4228130,1513,6,mattina
4228134,1513,215,mattina
4228186,1513,83,mattina
4228731,1066,11,mattina
4228229,1513,100,mattina
4227895,1066,78,notte
4228895,1066,259,sera
4228577,1513,158,sera
4228481,1066,78,sera
4231899,1513,79,sera
4231111,1513,78,mattina
4228314,1066,11,mattina
4227912,1513,220,mattina
4228012,1513,50,mattina
4230157,1513,63,pomeriggio
4231634,1066,259,pomeriggio
4232634,1513,13,sera
4228517,1066,259,mattina
4228217,1513,158,mattina
4228370,1066,78,mattina
4228250,1066,259,mattina
4228190,1513,86,mattina
4228104,1513,158,mattina
4228369,1066,78,mattina
4228477,1066,78,mattina
4231070,1066,259,mattina
4234145,1513,79,mattina
4227820,1513,3,notte
4229149,1513,50,sera
4229044,1513,6,sera
4228904,1513,220,pomeriggio
4228998,1066,259,pomeriggio
4229381,1066,78,pomeriggio
4229610,1066,4,pomeriggio
4229885,1066,259,pomeriggio
4229112,1066,78,sera
4232543,1513,78,sera
4228905,1513,158,sera
4239435,1513,50,sera
4229030,1513,158,sera
4229146,1513,78,pomeriggio
4229064,1513,61,pomeriggio
4228900,1513,79,pomeriggio
4229038,1066,78,pomeriggio
4231112,1513,86,pomeriggio
4229535,1066,259,pomeriggio
4228615,1513,0,mattina
4228636,1513,220,mattina
4229037,1513,215,pomeriggio
4228771,1513,100,mattina
4229469,1066,63,mattina
4231133,1513,215,mattina
4230416,1513,158,mattina
4229385,1066,78,mattina
4230918,1513,215,sera
4229408,1513,61,sera
4229153,1513,50,mattina
4228671,1513,158,mattina
4229603,1066,78,mattina
4229273,1513,78,sera
4228812,1513,79,notte
4228440,1513,100,notte
4228972,1066,78,notte
4228944,1066,78,notte
4230392,1513,50,sera
4230552,1066,78,sera
4230979,1066,63,pomeriggio
4230215,1066,259,pomeriggio
4230367,1513,50,pomeriggio
4231560,1066,259,pomeriggio
4230568,1513,26,pomeriggio
4230549,1066,78,pomeriggio
4229166,1513,50,notte
4229969,1513,215,sera
4230580,1066,78,pomeriggio
4230012,1513,2,pomeriggio
4229919,1066,63,pomeriggio
4229909,1066,63,pomeriggio
4229183,1513,220,mattina
4229286,1513,83,mattina
4229410,1513,83,mattina
4261696,1066,259,mattina
4229392,1513,158,pomeriggio
4230161,1513,78,pomeriggio
4229719,1066,259,pomeriggio
4229389,1513,158,pomeriggio
4237577,1513,17,pomeriggio
4230640,1513,100,pomeriggio
4230559,1513,6,sera
4229614,1066,259,sera
4229135,1513,79,mattina
4230976,1066,259,mattina
4229752,1066,63,sera
4231126,1513,63,sera
4230571,1513,220,mattina
4229493,1513,78,mattina
4229289,1513,26,mattina
4238357,1066,259,mattina
4230182,1513,215,mattina
4230140,1513,63,sera
4230583,1513,158,mattina
4229951,1066,11,pomeriggio
4230295,1066,63,pomeriggio
4229988,1513,215,pomeriggio
4230512,1513,6,pomeriggio
4230406,1513,220,pomeriggio
4229724,1066,78,notte
4245436,1066,259,notte
4235546,1066,63,notte
4229704,1066,78,sera
4230988,1066,259,mattina
4229478,1513,220,notte
4230838,1513,220,notte
4230439,1513,3,notte
4230920,1513,63,sera
4230096,1513,158,sera
4229971,1513,17,sera
4230398,1513,50,sera
4229905,1066,63,sera
4230143,1513,83,sera
4229644,1513,61,sera
4229731,1066,63,sera
4229831,1513,158,sera
4230590,1513,83,sera
4230095,1513,158,sera
4230399,1513,50,sera
4230153,1513,63,sera
4230142,1513,78,pomeriggio
4229629,1513,158,pomeriggio
4235117,1513,61,notte
4230210,1066,78,sera
4230144,1066,259,sera
4230563,1066,78,notte
4230589,1513,100,pomeriggio
4230253,1066,78,sera
4229897,1066,259,sera
4231115,1513,63,sera
4229970,1513,50,mattina
4230825,1513,158,mattina
4230040,1513,2,notte
4230050,1513,78,notte
4230570,1066,78,notte
4230440,1513,86,notte
4231613,1513,63,notte
4229962,1066,11,notte
4230953,1066,78,notte
4231139,1513,86,mattina
4231313,1513,158,mattina
4229954,1513,220,mattina
4230539,1513,215,notte
4230222,59,0,pomeriggio
4230249,1066,78,pomeriggio
4231381,1513,3,pomeriggio
4229992,1513,2,pomeriggio
4230596,1513,79,pomeriggio
4230226,1513,100,sera
4232551,1513,78,pomeriggio
4230415,1513,35,pomeriggio
4230316,1513,79,sera
4230352,1513,83,sera
4230941,1513,6,mattina
4230252,1066,78,mattina
4230942,1513,6,pomeriggio
4230546,1513,215,pomeriggio
4235358,1066,78,pomeriggio
4230414,1066,78,pomeriggio
4230074,1513,158,pomeriggio
4231053,1066,259,sera
4230365,1513,35,sera
4230171,1513,8,notte
4230595,1513,158,mattina
4230112,1513,63,mattina
4230572,1066,78,mattina
4232000,1513,86,sera
4231189,1513,35,pomeriggio
4231376,1513,63,pomeriggio
4231181,1513,35,pomeriggio
4230982,1066,11,mattina
4230952,1066,11,mattina
4235947,1513,215,pomeriggio
4230971,1513,61,pomeriggio
4231044,1513,220,mattina
4231147,1513,63,mattina
4231042,1513,220,mattina
4231349,1513,17,pomeriggio
4230644,1513,158,mattina
4231086,1513,220,sera
4231322,1513,100,pomeriggio
4230970,1513,86,pomeriggio
4231186,1513,35,mattina
4234263,1066,259,sera
4230773,1066,78,notte
4231395,1513,63,notte
4230983,1066,63,mattina
4231605,1066,7,mattina
4238162,1513,215,mattina
4239682,1513,79,mattina
4232025,1513,4,sera
4231414,1513,158,pomeriggio
4234003,1513,12,sera
4234036,1066,63,sera
4241208,1513,26,sera
4232042,1513,50,sera
4232600,1513,83,sera
4231964,1513,215,sera
4232535,1513,63,sera
4232194,1513,215,sera
4231453,1513,63,mattina
4235018,1513,61,mattina
4231702,1066,63,pomeriggio
4232117,1513,2,pomeriggio
4232161,1513,0,pomeriggio
4232215,1066,78,pomeriggio
4231951,1066,259,pomeriggio
4231943,1513,61,pomeriggio
4231958,1513,100,sera
4231904,1513,100,sera
4233270,1513,158,sera
4232553,1513,2,sera
4232245,1513,100,sera
4234815,1513,8,sera
4235817,1513,35,sera
4231574,1513,63,mattina
4232022,1513,50,mattina
4231518,1513,86,mattina
4231690,1513,100,mattina
4232363,1513,50,mattina
4231683,1066,7,pomeriggio
4231928,1066,259,pomeriggio
4231915,1513,1,pomeriggio
4232675,1513,63,sera
4235808,1066,78,mattina
4231667,1513,50,mattina
4232177,1066,63,pomeriggio
4232729,1066,11,pomeriggio
4231949,1513,83,pomeriggio
4232241,1513,100,pomeriggio
4232254,1513,220,notte
4231597,1513,100,notte
4231596,1513,158,mattina
4235857,1513,100,mattina
4231565,1513,100,mattina
4231959,1513,220,sera
4231911,1066,78,sera
4231924,1513,1,sera
4231960,1513,158,sera
4232024,1513,4,notte
4231465,1513,1,notte
4231248,1066,78,notte
4232164,1513,100,mattina
4241462,1513,215,pomeriggio
4232683,1513,78,pomeriggio
4232405,1513,35,pomeriggio
4233371,1066,259,pomeriggio
4232542,1513,63,pomeriggio
4232192,1513,158,mattina
4232212,1513,83,mattina
4232727,1066,11,sera
4233542,1066,11,sera
4231937,1513,63,notte
4232208,1513,158,pomeriggio
4232396,1513,50,pomeriggio
4233735,1066,63,pomeriggio
4232165,1513,158,mattina
4233639,1513,83,mattina
4232614,1513,79,mattina
4232798,1513,158,notte
4232992,1513,79,notte
4232432,1513,158,pomeriggio
4234939,1513,220,pomeriggio
4232397,1513,215,sera
4235263,1513,158,mattina
4233536,1513,17,mattina
4232179,1513,220,mattina
4234161,1066,11,mattina
4232364,1066,78,mattina
4232260,1513,158,mattina
4233641,1513,220,mattina
4232365,1066,78,mattina
4232566,1513,50,sera
4232433,1513,158,pomeriggio
4232674,1513,78,notte
4236011,1513,158,sera
4233478,1513,50,notte
4232649,1513,100,mattina
4234163,1066,7,pomeriggio
4240470,1513,220,pomeriggio
4232875,1066,7,notte
4232685,1513,63,notte
4233528,1513,12,sera
4233143,1513,215,sera
4233039,1066,63,mattina
4234874,1513,100,mattina
4232696,1513,220,pomeriggio
4236745,1513,220,mattina
4232978,1513,100,mattina
4232620,1513,83,mattina
4232932,1513,50,mattina
4232965,1513,100,mattina
4232993,1513,26,mattina
4235048,1513,215,pomeriggio
4232799,1513,100,pomeriggio
4232988,1513,100,pomeriggio
4233080,1066,63,pomeriggio
4234916,1066,78,notte
4238463,1513,61,pomeriggio
4232622,1066,78,notte
4234478,1513,35,mattina
4234332,1513,215,mattina
4233530,1513,35,pomeriggio
4234728,1513,86,pomeriggio
4233683,1513,0,pomeriggio
4234913,1066,3,pomeriggio
4233335,1513,158,pomeriggio
4237634,1513,86,pomeriggio
4233534,1513,12,pomeriggio
4234486,1513,50,mattina
4234718,1513,79,sera
4234465,1066,78,sera
4233332,1513,158,pomeriggio
4233333,1066,78,pomeriggio
4233288,1513,215,pomeriggio
4233674,1513,220,pomeriggio
4233481,1513,50,pomeriggio
4235643,1513,50,pomeriggio
4237656,1513,215,sera
4235185,1513,215,sera
4234477,1066,78,notte
4233209,1513,220,notte
4234625,1513,61,mattina
4233213,1513,100,mattina
4234805,1513,100,mattina
4234730,1513,158,mattina
4233572,1513,50,mattina
4241214,1513,50,notte
4233529,1513,215,mattina
4234841,1066,78,notte
4234838,1066,78,notte
4234124,1066,78,notte
4235136,1513,215,notte
4234731,1066,30,pomeriggio
4234779,303,7,pomeriggio
4234994,303,31,notte
4233782,1513,79,sera
4236021,1513,158,sera
4234789,303,0,pomeriggio
4233798,1513,158,sera
4233784,1513,220,sera
4234398,1066,259,notte
4233500,1513,79,notte
4236168,1513,220,sera
4234114,1066,259,sera
4234441,1066,78,notte
4234082,303,31,sera
4233787,1513,79,mattina
4234721,1513,86,mattina
4234326,303,10,pomeriggio
4233741,303,10,pomeriggio
4237807,1066,7,mattina
4233878,675,12,pomeriggio
4233783,1513,100,pomeriggio
4234351,1066,5,sera
4233968,303,19,sera
4233837,1513,158,sera
4234853,1066,78,sera
4244602,303,36,notte
4233817,303,6,notte
4234822,303,26,notte
4234442,1513,0,notte
4234481,1513,50,pomeriggio
4234435,1513,83,pomeriggio
4234397,1066,259,sera
4235112,1513,79,sera
4234873,1513,83,sera
4234723,303,7,pomeriggio
4234437,1513,158,pomeriggio
4234870,1513,83,pomeriggio
4235827,1513,158,notte
4233816,303,5,notte
4236410,1513,220,notte
4234745,303,6,notte
4236275,303,31,pomeriggio
4234736,1513,220,pomeriggio
4234288,1066,30,pomeriggio
4237913,1513,100,sera
4234735,303,25,pomeriggio
4234788,1513,158,pomeriggio
4234627,1513,83,pomeriggio
4235207,303,19,pomeriggio
4235520,303,25,pomeriggio
4236529,303,1,notte
4235071,1513,158,sera
4234911,1066,259,sera
4234484,1513,12,notte
4234493,1066,5,notte
4235194,1066,30,mattina
4235388,303,19,mattina
4235418,303,5,sera
4235675,1066,259,sera
4235516,303,19,sera
4235393,303,19,sera
4236833,303,10,pomeriggio
4236263,303,215,pomeriggio
4240792,303,10,pomeriggio
4235800,303,0,pomeriggio
4236429,303,1,pomeriggio
4235034,303,31,mattina
4236217,303,19,mattina
4235001,303,1,mattina
4236022,1513,86,pomeriggio
4235212,303,3,pomeriggio
4236884,675,12,sera
4235834,303,25,pomeriggio
4236070,303,25,sera
4236028,1513,220,sera
4235691,1066,30,notte
4236370,1066,259,pomeriggio
4236081,1513,78,pomeriggio
4237533,303,3,pomeriggio
4236876,1066,30,pomeriggio
4236251,303,215,sera
4243793,303,7,pomeriggio
4236748,1066,5,pomeriggio
4235611,303,36,mattina
4235796,303,2,mattina
4235880,1066,259,mattina
4236119,303,31,sera
4235952,1513,220,sera
4235614,303,25,notte
4236260,303,215,notte
4236549,1066,259,sera
4237055,303,10,sera
4237326,303,3,sera
4236636,303,36,sera
4241092,1066,259,sera
4237485,303,19,mattina
4237701,303,19,mattina
4236406,1513,220,mattina
4237657,303,1,pomeriggio
4236736,675,12,pomeriggio
4237532,303,3,mattina
4236783,1066,259,mattina
4236444,303,26,mattina
4236644,1066,259,sera
4237662,303,26,pomeriggio
4237425,1513,78,pomeriggio
4236728,303,6,pomeriggio
4236090,303,36,notte
4237094,675,12,notte
4236820,303,26,mattina
4237705,303,31,mattina
4239181,303,0,mattina
4238234,1066,259,pomeriggio
4236514,303,19,pomeriggio
4237444,303,5,pomeriggio
4238394,303,215,pomeriggio
4240121,1066,259,pomeriggio
4237206,303,26,pomeriggio
4237044,1066,259,pomeriggio
4237454,303,36,mattina
4237291,1513,78,pomeriggio
4237121,303,19,pomeriggio
4237120,303,25,pomeriggio
4238071,1066,259,mattina
4237441,303,19,mattina
4237474,1513,220,sera
4237080,675,12,sera
4237209,303,1,sera
4237403,303,215,sera
4237484,303,19,sera
4237728,1066,30,sera
4237499,1513,78,pomeriggio
4237487,303,36,mattina
4237286,1066,259,sera
4237438,303,13,sera
4237963,1513,220,sera
4237122,303,13,sera
4237021,1513,220,pomeriggio
4237099,1066,259,pomeriggio
4237417,303,31,pomeriggio
4237189,675,12,pomeriggio
4237355,303,215,pomeriggio
4237516,303,31,pomeriggio
4237483,303,25,pomeriggio
4237616,303,26,pomeriggio
4236677,1513,78,notte
4237038,1066,5,notte
4237340,1513,78,sera
4236656,1513,220,notte
4237442,303,25,notte
4237502,303,19,mattina
4238781,303,31,sera
4238549,303,36,sera
4238779,303,31,sera
4238782,303,0,sera
4237935,303,25,sera
4237720,303,36,mattina
4238285,1066,259,mattina
4238729,1066,259,pomeriggio
4237932,303,19,pomeriggio
4242905,303,7,pomeriggio
4239289,1066,30,pomeriggio
4238464,1513,78,pomeriggio
4240523,1066,30,sera
4238467,1513,78,sera
4238393,303,3,sera
4237989,303,6,pomeriggio
4238241,303,26,sera
4238242,303,26,sera
4239183,303,3,sera
4237892,675,12,sera
4238787,303,7,sera
4239743,1066,30,sera
4238726,1066,30,mattina
4237455,303,5,mattina
4237718,303,0,mattina
4237687,303,26,mattina
4238361,1066,259,sera
4240224,1513,220,sera
4238704,1513,78,sera
4237360,1066,259,notte
4241583,1066,259,notte
4244592,303,19,notte
4238072,1066,259,pomeriggio
4241385,1513,220,pomeriggio
4238848,303,26,pomeriggio
4238003,1513,220,mattina
4239993,303,6,pomeriggio
4240512,1066,259,mattina
4240524,1066,259,mattina
4239616,303,6,sera
4238835,1066,4,sera
4247642,1066,30,mattina
4238321,1066,259,pomeriggio
4238395,1066,259,pomeriggio
4237953,303,25,notte
4244066,1066,30,sera
4238763,303,1,sera
4238758,303,25,sera
4238869,1066,5,pomeriggio
4239029,675,12,notte
4238589,1066,259,notte
4240412,303,31,pomeriggio
4240459,303,19,sera
4238523,1066,30,sera
4238527,675,27,sera
4238757,303,6,pomeriggio
4243794,303,0,pomeriggio
4240718,1513,220,sera
4239025,303,36,mattina
4238861,1066,30,pomeriggio
4239142,303,19,pomeriggio
4238669,1513,220,pomeriggio
4241446,303,19,notte
4238765,303,36,sera
4238708,1513,78,notte
4239143,303,25,mattina
4238271,1513,220,mattina
4238489,1513,220,pomeriggio
4238623,1066,8,notte
4240519,1066,259,pomeriggio
4239346,1513,220,sera
4239747,1513,220,mattina
4239546,1066,259,mattina
4243567,1066,259,mattina
4239414,1513,220,mattina
4239550,1066,259,mattina
4240058,1066,259,pomeriggio
4239280,675,27,pomeriggio
4239496,1066,215,mattina
4239259,303,26,mattina
4239556,1066,259,sera
4241359,303,26,sera
4239260,303,26,pomeriggio
4240517,1066,259,pomeriggio
4239898,303,26,mattina
4239984,303,26,mattina
4241578,1066,259,mattina
4240012,1066,215,notte
4240780,303,26,notte
4240063,1513,79,pomeriggio
4239748,1513,220,mattina
4239738,1513,220,mattina
4240087,1513,220,mattina
4239745,1513,220,mattina
4240395,303,26,sera
4240072,303,26,mattina
4240061,1513,79,pomeriggio
4241360,1066,259,mattina
4240021,1066,259,mattina
4241553,675,11,mattina
4240455,1066,215,pomeriggio
4240572,303,220,pomeriggio
4240451,303,36,pomeriggio
4241638,303,26,pomeriggio
4240710,1513,86,pomeriggio
4242758,303,26,pomeriggio
4240475,675,11,mattina
4240784,303,26,mattina
4240594,1513,79,pomeriggio
4241917,303,220,mattina
4240398,303,26,mattina
4240883,303,26,sera
4240634,303,220,sera
4241017,303,36,sera
4240547,675,11,sera
4240712,1066,215,sera
4240182,1066,259,mattina
4241524,303,26,mattina
4240396,303,26,mattina
4241452,1066,259,pomeriggio
4240820,303,26,mattina
4241349,1066,259,sera
4241109,675,27,pomeriggio
4241494,303,220,pomeriggio
4241178,1066,215,pomeriggio
4242127,303,36,pomeriggio
4240953,675,27,mattina
4242428,1066,259,notte
4240662,1066,259,notte
4241457,303,13,mattina
4241435,303,26,mattina
4241176,1066,215,pomeriggio
4242634,1066,4,pomeriggio
4241120,303,36,pomeriggio
4241615,303,36,pomeriggio
4241021,1066,259,pomeriggio
4241199,1513,79,pomeriggio
4241126,675,27,pomeriggio
4241100,675,11,sera
4242253,1513,86,sera
4242710,303,26,sera
4245010,303,26,sera
4241943,1513,86,sera
4241922,303,26,mattina
4241602,1513,61,mattina
4241366,303,26,mattina
4241291,675,11,mattina
4242907,1066,259,mattina
4242819,1066,215,mattina
4241453,1066,259,mattina
4241733,1066,259,pomeriggio
4263462,1513,1,pomeriggio
4242766,303,2,sera
4241510,303,13,pomeriggio
4242712,303,26,pomeriggio
4242732,303,26,pomeriggio
4242642,1066,259,pomeriggio
4241623,303,26,pomeriggio
4242561,1513,63,sera
4242742,303,26,mattina
4241891,1513,215,mattina
4241924,303,26,mattina
4243079,1513,78,pomeriggio
4243048,303,13,sera
4242713,1513,158,pomeriggio
4244101,1513,83,pomeriggio
4243187,1513,83,mattina
4242008,1513,11,pomeriggio
4242072,303,36,pomeriggio
4241906,1513,158,pomeriggio
4266805,1066,259,pomeriggio
4241816,675,27,pomeriggio
4242219,1513,78,pomeriggio
4242431,1066,259,pomeriggio
4242681,1066,215,sera
4242347,1066,259,sera
4243938,1066,259,sera
4242772,303,26,sera
4244497,303,26,pomeriggio
4242633,1066,4,pomeriggio
4242760,1066,4,pomeriggio
4243538,1513,158,notte
4243061,303,26,pomeriggio
4242562,1513,86,pomeriggio
4243223,303,36,notte
4244235,1066,259,sera
4243224,303,13,sera
4242358,1513,86,pomeriggio
4246350,1066,259,pomeriggio
4242909,1513,158,sera
4242790,1513,83,sera
4242430,675,27,sera
4242776,1513,100,notte
4243050,303,26,mattina
4242470,1066,259,mattina
4244440,1513,4,pomeriggio
4242026,1513,220,notte
4243275,1066,259,pomeriggio
4243957,1513,78,pomeriggio
4245019,303,220,pomeriggio
4243542,1513,79,sera
4243414,675,9,sera
4243349,1513,3,sera
4243815,1066,15,sera
4243249,1066,14,sera
4243247,1513,158,pomeriggio
4243500,1513,86,pomeriggio
4248154,1513,100,pomeriggio
4243134,1513,16,mattina
4244519,1066,18,mattina
4243407,675,9,mattina
4243057,1066,259,mattina
4242791,1513,83,notte
4242801,303,2,notte
4243440,1513,158,sera
4244141,1513,79,sera
4243654,1066,18,sera
4243280,1513,220,notte
4242559,1513,79,notte
4243551,1513,63,pomeriggio
4243817,1513,100,pomeriggio
4243642,1066,0,pomeriggio
4243483,303,36,mattina
4244941,1513,34,mattina
4243541,1513,1,mattina
4243074,1513,27,mattina
4243041,1513,27,mattina
4243030,303,36,mattina
4243502,1513,63,mattina
4243543,1513,0,sera
4243448,1513,100,sera
4243752,1066,15,sera
4243248,1513,158,sera
4242911,1066,259,notte
4243628,1066,2,mattina
4245908,1513,220,pomeriggio
4243577,1513,34,sera
4243179,1513,63,pomeriggio
4243269,1066,259,pomeriggio
4244499,1513,34,pomeriggio
4243729,1513,86,pomeriggio
4243046,1513,34,notte
4245907,1513,158,mattina
4246955,675,9,sera
4244158,1066,18,pomeriggio
4244157,1066,0,pomeriggio
4244097,1513,83,pomeriggio
4244577,1513,83,pomeriggio
4244299,1513,78,pomeriggio
4244415,1513,215,pomeriggio
4243791,1513,63,mattina
4244288,1513,100,sera
4244068,1513,3,sera
4244092,1513,61,pomeriggio
4244169,1513,63,pomeriggio
4244091,1513,83,sera
4246252,1513,16,sera
4243740,1513,83,mattina
4243878,1513,158,mattina
4244562,1513,215,sera
4244032,1513,78,sera
4244178,1513,86,sera
4244020,1513,79,sera
4243437,1513,100,notte
4244463,1513,63,pomeriggio
4244131,1513,78,pomeriggio
4244944,1513,34,pomeriggio
4244127,675,9,pomeriggio
4248281,1513,86,pomeriggio
4246372,1513,11,pomeriggio
4243949,1513,83,notte
4244153,1513,83,sera
4244478,1513,220,mattina
4244818,1513,34,mattina
4244763,1513,220,pomeriggio
4244563,1513,78,pomeriggio
4245132,1066,1,mattina
4244696,1513,220,mattina
4247743,1513,79,mattina
4244956,1513,34,mattina
4244627,675,3,pomeriggio
4245003,1513,16,pomeriggio
4245466,1066,18,pomeriggio
4244828,1513,35,mattina
4244731,1066,2,mattina
4244454,1513,215,mattina
4244508,1513,215,mattina
4245311,1513,220,pomeriggio
4244697,1513,83,pomeriggio
4245912,1513,61,notte
4245673,1513,220,sera
4244719,1513,79,notte
4245420,1066,14,pomeriggio
4245381,1066,0,sera
4246258,1513,16,sera
4246092,1066,15,pomeriggio
4245690,1513,220,pomeriggio
4245278,1066,18,pomeriggio
4245918,1513,158,sera
4245503,1513,78,pomeriggio
4245122,1513,1,mattina
4252276,675,2,mattina
4246484,1513,3,mattina
4247160,1513,61,mattina
4271088,1513,215,sera
4245286,1513,79,sera
4245324,1513,158,sera
4245320,1513,100,sera
4246478,1513,158,pomeriggio
4245150,1513,63,pomeriggio
4245323,1513,79,sera
4247116,1513,215,sera
4246259,1513,34,sera
4246257,1513,78,pomeriggio
4245157,1513,86,pomeriggio
4245561,675,9,pomeriggio
4247940,1513,83,notte
4246516,1513,86,sera
4246267,1513,63,pomeriggio
4245718,1513,3,pomeriggio
4245719,1513,4,pomeriggio
4245670,1513,220,pomeriggio
4245620,1513,220,pomeriggio
4246173,1513,63,pomeriggio
4247813,675,3,pomeriggio
4247002,1513,215,pomeriggio
4246641,1513,215,pomeriggio
4245915,1513,86,pomeriggio
4249176,1513,83,pomeriggio
4245991,1513,27,pomeriggio
4245890,1513,100,pomeriggio
4246954,675,9,pomeriggio
4265156,1513,215,sera
4248375,1513,79,sera
4246620,1513,215,sera
4245572,675,9,mattina
4245661,1513,83,mattina
4245512,1513,215,mattina
4247303,1513,78,notte
4245548,1513,158,notte
4249912,1513,215,sera
4245868,1513,215,sera
4252199,1513,79,sera
4246511,1513,79,sera
4246180,1513,34,pomeriggio
4245883,1513,100,pomeriggio
4245923,1513,86,pomeriggio
4245514,1513,220,notte
4246518,1513,86,sera
4246538,1513,86,notte
4246713,675,2,sera
4247236,1513,215,sera
4246655,1513,215,sera
4247106,1513,35,pomeriggio
4246286,1513,86,notte
4246626,1513,215,notte
4247533,675,7,sera
4247852,675,7,mattina
4247853,675,7,mattina
4248932,675,7,sera
4248930,675,7,sera
4251697,1066,1,pomeriggio
4252758,303,5,notte
4252757,303,5,notte
4256788,1513,27,pomeriggio
4256838,303,5,sera
4257701,1513,27,sera
4259409,1513,27,pomeriggio
4272527,1513,79,pomeriggio
4265135,1513,79,sera
4279376,59,6,mattina
4279186,59,6,pomeriggio
4279188,59,0,mattina
4306087,303,0,mattina
4339326,1066,259,mattina
4339192,1066,259,notte
4341574,59,17,pomeriggio
4339884,1066,259,sera
4339527,1066,259,mattina
4342024,1066,259,mattina
4346887,1066,259,sera
4340570,59,17,pomeriggio
4344948,1066,1,pomeriggio
4341472,1066,259,pomeriggio
4339869,1066,259,pomeriggio
4339738,1066,1,notte
4340271,1066,259,sera
4340115,1066,4,mattina
4340195,59,17,sera
4340430,1066,1,pomeriggio
4340736,1066,259,pomeriggio
4340569,59,17,mattina
4340387,1066,259,notte
4340779,675,3,sera
4340753,1066,259,mattina
4341247,1066,3,pomeriggio
4341511,1066,259,sera
4341933,675,259,pomeriggio
4340582,675,21,pomeriggio
4344135,1066,3,notte
4341525,1066,259,sera
4340801,1066,42,notte
4340889,675,259,notte
4341205,303,25,notte
4340879,675,42,notte
4342233,675,41,pomeriggio
4341502,1066,259,sera
4341751,1066,259,sera
4341498,1066,259,mattina
4341462,1066,3,sera
4341647,1066,42,mattina
4341551,675,21,mattina
4341853,303,25,sera
4341978,675,20,sera
4342176,303,2,pomeriggio
4342015,675,20,pomeriggio
4341775,1066,259,sera
4341660,675,21,mattina
4342154,675,259,pomeriggio
4341935,675,259,mattina
4342074,1066,259,pomeriggio
4342267,1066,42,pomeriggio
4342259,303,215,pomeriggio
4342079,675,20,pomeriggio
4342064,1066,42,pomeriggio
4341948,303,25,notte
4342486,1066,259,pomeriggio
4344057,303,25,notte
4342422,675,21,sera
4342495,303,25,pomeriggio
4343190,303,25,mattina
4342868,1066,259,sera
4343779,1066,259,mattina
4342156,675,259,notte
4342941,1066,42,sera
4348563,675,259,sera
4342674,303,215,sera
4343191,303,25,sera
4342636,675,20,pomeriggio
4343349,303,25,pomeriggio
4349195,1066,259,pomeriggio
4342983,1066,42,pomeriggio
4342732,1066,42,notte
4348368,675,259,sera
4344674,59,5,pomeriggio
4343450,675,20,pomeriggio
4343371,303,25,pomeriggio
4343743,1066,42,pomeriggio
4343302,675,42,pomeriggio
4343431,675,42,pomeriggio
4346375,1066,259,pomeriggio
4343432,675,42,notte
4360868,1066,3,mattina
4343430,675,42,mattina
4199471,675,0,pomeriggio
4202814,1066,24,mattina
4204187,1066,24,mattina
4203171,1066,2,sera
4203396,1066,2,pomeriggio
4204540,1066,46,pomeriggio
4204097,303,31,pomeriggio
4209492,1066,24,pomeriggio
4204294,1066,46,mattina
4203828,1066,2,mattina
4206383,303,31,pomeriggio
4205732,1066,46,pomeriggio
4205690,1066,46,pomeriggio
4206228,1066,46,pomeriggio
4206086,1066,46,sera
4205972,1066,2,mattina
4208287,303,31,mattina
4209416,303,31,pomeriggio
4208363,303,31,pomeriggio
4207202,1066,15,mattina
4208375,303,31,pomeriggio
4208277,303,31,mattina
4210769,303,31,pomeriggio
4210677,1066,2,pomeriggio
4210662,1066,2,mattina
4210049,1066,259,mattina
4211905,1066,5,mattina
4209778,1066,5,mattina
4211691,1513,215,pomeriggio
4209736,675,41,pomeriggio
4209893,1066,259,sera
4209926,675,27,pomeriggio
4209846,675,24,pomeriggio
4209781,675,6,notte
4210415,675,10,mattina
4210521,675,85,mattina
4215302,1066,43,pomeriggio
4210531,1066,1,pomeriggio
4210369,1066,0,pomeriggio
4211256,1066,0,mattina
4211057,675,2,pomeriggio
4210502,675,85,pomeriggio
4210276,1066,43,pomeriggio
4210164,675,4,mattina
4211723,675,9,sera
4210429,1066,63,sera
4211205,1066,259,pomeriggio
4210129,675,85,notte
4210818,675,4,mattina
4210817,675,4,mattina
4211156,1066,259,pomeriggio
4212138,1066,15,notte
4211151,675,41,pomeriggio
4211722,1513,3,pomeriggio
4211267,675,85,pomeriggio
4216975,675,85,pomeriggio
4211403,1066,1,sera
4213083,1066,7,mattina
4211407,1513,215,pomeriggio
4213675,675,2,pomeriggio
4211574,1066,259,pomeriggio
4211452,675,24,pomeriggio
4212065,1066,14,sera
4211237,675,4,pomeriggio
4213114,675,24,pomeriggio
4212231,1066,4,pomeriggio
4213404,1066,5,mattina
4212273,675,85,mattina
4211533,675,24,mattina
4212124,1066,1,sera
4211823,675,41,pomeriggio
4211724,675,85,mattina
4212137,1066,7,mattina
4211644,675,85,mattina
4211579,1066,86,mattina
4211947,675,85,pomeriggio
4213423,59,7,pomeriggio
4212134,675,85,pomeriggio
4211772,675,10,pomeriggio
4211855,675,4,pomeriggio
4211945,675,2,pomeriggio
4211492,1513,215,mattina
4220218,1513,215,pomeriggio
4212728,675,21,mattina
4212847,1066,5,mattina
4212839,1066,2,mattina
4212475,1513,215,mattina
4212452,1066,10,pomeriggio
4212711,675,21,pomeriggio
4212366,1066,10,pomeriggio
4212524,675,27,sera
4212843,1066,2,sera
4213050,675,85,mattina
4215625,1513,215,pomeriggio
4213481,1513,215,sera
4212068,675,10,notte
4213207,59,5,pomeriggio
4220598,1066,5,pomeriggio
4213628,59,4,pomeriggio
4214763,1066,15,mattina
4213242,675,41,pomeriggio
4213260,1066,14,pomeriggio
4221660,1066,43,notte
4212965,1066,3,mattina
4212960,675,85,mattina
4213415,59,0,sera
4213271,675,27,sera
4214778,1066,259,mattina
4213760,675,24,pomeriggio
4221593,1066,259,pomeriggio
4214367,1066,259,pomeriggio
4213869,1066,4,pomeriggio
4213975,1513,215,pomeriggio
4213795,1066,14,pomeriggio
4214239,675,6,pomeriggio
4213646,675,85,mattina
4214528,1066,5,sera
4214679,1513,215,pomeriggio
4213633,675,85,mattina
4215014,59,3,mattina
4213647,675,21,mattina
4213491,675,85,notte
4219917,1066,24,notte
4215757,675,41,notte
4214809,675,21,sera
4215600,59,6,pomeriggio
4214141,675,27,pomeriggio
4214391,1066,259,pomeriggio
4220073,675,41,mattina
4228064,1066,22,sera
4214206,1066,24,pomeriggio
4214082,675,41,pomeriggio
4213884,1066,22,notte
4214693,1513,215,notte
4214826,675,41,pomeriggio
4214838,675,21,pomeriggio
4214658,1066,22,pomeriggio
4214242,1066,43,sera
4213971,675,85,pomeriggio
4214681,1513,215,pomeriggio
4214100,1066,86,sera
4214569,1513,215,notte
4215321,675,85,mattina
4214597,675,85,sera
4214683,1066,3,sera
4214815,675,6,sera
4214751,1513,215,mattina
4215765,1066,7,pomeriggio
4214878,1066,86,sera
4214932,1066,43,sera
4216239,1066,15,pomeriggio
4214384,1066,43,mattina
4219315,675,0,mattina
4216036,1066,11,pomeriggio
4219438,675,41,notte
4216154,1066,22,mattina
4216636,1066,22,sera
4216582,1066,22,pomeriggio
4217187,675,41,mattina
4218849,1066,2,pomeriggio
4220451,1513,83,sera
4218666,675,3,pomeriggio
4218642,1066,22,pomeriggio
4218017,675,41,pomeriggio
4218898,1513,100,notte
4218599,1066,17,mattina
4217939,675,41,mattina
4218179,675,3,sera
4218176,1513,158,sera
4218655,675,0,pomeriggio
4217966,675,3,pomeriggio
4218503,675,85,pomeriggio
4227522,675,85,pomeriggio
4218834,1066,2,notte
4217886,1513,61,mattina
4221074,1066,259,mattina
4217996,1513,220,mattina
4218001,675,85,pomeriggio
4218362,675,85,sera
4218383,1513,63,sera
4218395,1513,63,sera
4218286,675,58,sera
4219860,1513,5,sera
4218449,675,10,pomeriggio
4219886,1513,4,pomeriggio
4218094,1066,13,pomeriggio
4218314,1513,12,pomeriggio
4218890,1513,220,pomeriggio
4220369,1513,63,pomeriggio
4219878,1513,34,pomeriggio
4219815,1513,1,pomeriggio
4221429,675,6,mattina
4218028,1066,86,mattina
4219932,1513,63,notte
4217881,1513,16,notte
4217887,1513,34,notte
4218304,1513,35,mattina
4217977,1513,83,notte
4219902,1513,11,pomeriggio
4218393,1066,5,pomeriggio
4218886,1066,46,pomeriggio
4218875,1513,158,pomeriggio
4218810,1513,220,pomeriggio
4219486,675,41,pomeriggio
4219391,1513,4,sera
4222311,1513,27,sera
4219862,1513,4,notte
4218453,675,85,pomeriggio
4219522,1066,13,pomeriggio
4220320,1513,86,sera
4218906,1066,220,pomeriggio
4218316,1513,220,notte
4219030,1513,63,pomeriggio
4218975,1513,12,pomeriggio
4220902,1066,15,pomeriggio
4218998,1513,63,pomeriggio
4218390,1066,7,pomeriggio
4218652,1066,259,pomeriggio
4222407,1066,6,mattina
4219779,1066,259,mattina
4219256,675,3,mattina
4220174,1513,220,mattina
4219571,675,10,mattina
4219328,675,2,mattina
4219343,1066,259,mattina
4219598,1066,10,mattina
4220203,675,11,sera
4221012,1513,6,pomeriggio
4219651,1513,16,pomeriggio
4219906,1513,215,sera
4219627,1513,13,sera
4219804,1066,11,sera
4221849,1513,63,sera
4221239,1066,43,sera
4219638,1066,4,mattina
4222281,1513,12,mattina
4219317,675,34,mattina
4219392,1513,7,mattina
4220254,1513,215,mattina
4223293,1513,35,pomeriggio
4223829,1513,158,pomeriggio
4219493,675,42,pomeriggio
4219798,1066,6,pomeriggio
4219659,675,58,pomeriggio
4219452,675,41,pomeriggio
4220371,303,0,pomeriggio
4219740,1513,27,pomeriggio
4219649,1513,220,pomeriggio
4221383,675,1,pomeriggio
4220255,1513,12,pomeriggio
4219632,1066,14,pomeriggio
4219482,675,24,notte
4219596,303,36,sera
4221819,1513,158,sera
4219107,1066,12,mattina
4219280,1513,4,notte
4220293,1513,63,sera
4220686,1513,158,sera
4219922,1513,61,pomeriggio
4219920,1513,158,pomeriggio
4219981,1513,86,mattina
4219915,1066,4,mattina
4220105,675,41,pomeriggio
4220104,675,41,pomeriggio
4220235,1513,63,pomeriggio
4220909,1066,5,pomeriggio
4220059,1513,27,pomeriggio
4220177,1066,43,pomeriggio
4220022,1513,220,pomeriggio
4220242,1066,1,pomeriggio
4219715,1513,79,notte
4219913,1066,220,mattina
4219653,1513,83,mattina
4220048,303,1,pomeriggio
4220240,1066,0,pomeriggio
4220617,1066,46,pomeriggio
4219984,1513,158,mattina
4221187,675,34,sera
4219839,1513,27,mattina
4220829,1513,63,mattina
4222276,1066,8,mattina
4220253,1513,83,mattina
4220919,1066,8,mattina
4220303,303,220,mattina
4220013,675,20,mattina
4220113,675,20,sera
4220776,1513,158,pomeriggio
4221535,1513,220,pomeriggio
4220289,1513,1,pomeriggio
4220538,675,3,sera
4219716,1513,79,notte
4220683,1513,100,mattina
4220779,675,41,mattina
4220689,1513,100,pomeriggio
4221114,1066,5,pomeriggio
4221738,1066,12,pomeriggio
4220526,675,58,pomeriggio
4221101,1066,11,pomeriggio
4220785,675,6,pomeriggio
4220768,1513,63,pomeriggio
4220585,675,42,pomeriggio
4220752,675,2,pomeriggio
4220639,1066,43,pomeriggio
4220814,1513,12,mattina
4227616,1513,158,mattina
4220314,1513,220,mattina
4221356,675,3,pomeriggio
4220506,1066,220,pomeriggio
4220725,1513,27,pomeriggio
4220624,1066,12,mattina
4220802,1513,17,mattina
4220737,675,14,mattina
4220206,675,11,notte
4220972,1513,215,notte
4220644,303,220,sera
4220786,675,85,sera
4220581,675,58,pomeriggio
4220713,675,42,pomeriggio
4220540,675,41,pomeriggio
4220898,303,220,pomeriggio
4220632,1066,220,sera
4220631,675,85,mattina
4220214,675,17,notte
4223820,1513,83,sera
4221841,1513,100,pomeriggio
4222026,303,220,pomeriggio
4221837,1513,83,pomeriggio
4221146,675,41,pomeriggio
4221854,1513,1,mattina
4222361,1066,17,mattina
4221064,675,17,pomeriggio
4223120,1513,215,pomeriggio
4221350,675,4,pomeriggio
4221324,1066,12,pomeriggio
4220990,1066,63,mattina
4222615,675,41,mattina
4221358,1513,100,pomeriggio
4221340,1513,158,sera
4221162,675,41,sera
4221277,1513,63,sera
4221597,675,34,sera
4224217,675,11,sera
4221180,675,3,sera
4282995,1066,259,mattina
4220840,675,58,mattina
4220836,675,17,mattina
4222636,1066,8,pomeriggio
4221433,675,10,pomeriggio
4221045,675,58,pomeriggio
4221359,1513,220,pomeriggio
4221370,675,41,sera
4221510,1513,220,sera
4221199,1513,158,sera
4222717,1513,215,notte
4221539,1513,158,sera
4223600,1513,158,sera
4221696,1066,86,sera
4221829,1513,83,notte
4221933,1513,158,sera
4224741,1066,17,mattina
4221724,1066,5,mattina
4222142,1513,220,pomeriggio
4221904,1513,215,pomeriggio
4222414,675,58,pomeriggio
4222130,675,12,pomeriggio
4221650,675,41,sera
4223004,1513,86,notte
4221599,675,1,notte
4221476,1513,16,mattina
4221591,675,85,mattina
4221540,1513,158,mattina
4223115,1513,158,mattina
4222283,1513,12,mattina
4222040,303,220,mattina
4221544,675,10,mattina
4221875,1513,215,mattina
4221366,1513,220,mattina
4223496,675,20,mattina
4221661,1066,13,pomeriggio
4222042,303,36,pomeriggio
4221589,1066,13,pomeriggio
4222138,1513,61,pomeriggio
4221438,675,85,mattina
4221857,1513,215,mattina
4222378,1066,17,mattina
4222028,303,6,mattina
4222368,1066,17,mattina
4221641,675,85,pomeriggio
4222139,1513,158,pomeriggio
4221774,1513,100,pomeriggio
4222653,1066,15,pomeriggio
4221872,1513,215,sera
4221694,1066,220,sera
4222292,1513,6,pomeriggio
4221545,1513,86,pomeriggio
4226458,675,6,sera
4221776,1513,83,sera
4223572,1513,63,sera
4221832,675,85,sera
4223838,675,85,pomeriggio
4224914,1066,5,pomeriggio
4222739,1513,5,sera
4235172,1513,63,sera
4222092,1066,46,sera
4222263,1513,83,pomeriggio
4222176,675,42,pomeriggio
4223581,303,13,sera
4222012,1066,3,sera
4222737,1066,215,sera
4222983,303,36,sera
4222051,1066,2,mattina
4221768,675,58,notte
4221890,1066,14,notte
4222273,1513,158,pomeriggio
4222121,1066,46,pomeriggio
4222562,675,3,pomeriggio
4224598,1513,17,sera
4223367,1513,34,sera
4222118,1066,10,pomeriggio
4223101,1513,50,pomeriggio
4222401,1066,259,pomeriggio
4222197,1513,220,mattina
4222258,1513,220,mattina
4224543,1066,6,mattina
4222003,675,58,mattina
4225689,1513,17,mattina
4222269,1513,26,pomeriggio
4222270,1513,26,pomeriggio
4222089,675,6,pomeriggio
4223100,1513,35,pomeriggio
4221924,675,58,mattina
4223176,1513,100,mattina
4222728,1513,100,mattina
4223379,1513,34,mattina
4221753,1066,4,notte
4222166,675,34,notte
4222043,303,36,notte
4222771,1066,0,sera
4222402,1066,259,pomeriggio
4222014,675,42,sera
4222211,675,41,sera
4221945,1513,63,notte
4226145,1066,12,pomeriggio
4224985,1513,100,pomeriggio
4222572,1513,13,pomeriggio
4223378,1513,34,pomeriggio
4223833,1066,4,notte
4222068,1513,79,notte
4223935,1513,17,pomeriggio
4222495,1066,220,pomeriggio
4222855,1513,79,pomeriggio
4222494,1066,220,pomeriggio
4223764,1513,100,notte
4222298,1513,63,notte
4223854,1513,220,pomeriggio
4222428,1513,158,pomeriggio
4222860,1513,61,pomeriggio
4222559,675,1,pomeriggio
4223082,1066,215,pomeriggio
4223372,1513,12,sera
4223374,1513,34,sera
4222443,675,41,pomeriggio
4224924,1066,2,pomeriggio
4224898,1066,4,pomeriggio
4222424,675,85,pomeriggio
4222421,675,58,mattina
4222793,1066,18,mattina
4223381,1513,27,pomeriggio
4222748,1513,158,pomeriggio
4222743,1513,158,pomeriggio
4222472,1066,86,pomeriggio
4222278,1513,100,mattina
4222801,1066,46,sera
4222567,675,9,sera
4223418,675,14,pomeriggio
4223116,1513,83,pomeriggio
4224625,675,24,pomeriggio
4222971,675,24,pomeriggio
4222430,1066,259,pomeriggio
4222478,675,85,pomeriggio
4223455,675,85,mattina
4222783,1066,11,notte
4222853,1513,34,notte
4223184,1066,18,pomeriggio
4223188,675,58,sera
4223668,1066,22,sera
4223179,1513,220,sera
4223750,1513,78,sera
4224090,1513,220,pomeriggio
4223452,675,3,notte
4224409,1513,220,mattina
4255344,1513,86,pomeriggio
4236556,1513,50,pomeriggio
4223083,1066,30,pomeriggio
4223113,1513,220,pomeriggio
4225262,1513,78,pomeriggio
4224095,1513,83,pomeriggio
4228110,1513,215,notte
4223302,1513,63,sera
4226846,1066,12,mattina
4223523,1513,79,mattina
4223448,1513,83,mattina
4224104,1513,220,mattina
4223875,1066,30,mattina
4223615,675,41,pomeriggio
4223606,303,13,pomeriggio
4223507,1513,220,mattina
4223479,1513,78,mattina
4223376,1513,26,mattina
4223609,1513,13,mattina
4223999,675,58,pomeriggio
4223686,675,41,sera
4224061,1513,215,pomeriggio
4224386,675,41,pomeriggio
4223732,1513,220,sera
4223766,1513,220,sera
4223647,675,58,sera
4223540,1513,26,pomeriggio
4258123,1066,220,mattina
4224010,1513,220,mattina
4224366,1066,10,sera
4228563,1066,43,sera
4223890,1066,4,sera
4223755,675,58,sera
4223740,1513,220,sera
4223539,1513,83,mattina
4224229,675,41,notte
4223819,1513,220,sera
4224718,1066,259,mattina
4225206,1513,220,mattina
4225174,1513,2,pomeriggio
4224253,1066,4,pomeriggio
4225026,1513,78,mattina
4224116,1513,220,mattina
4224122,1513,83,mattina
4224202,1066,4,pomeriggio
4224198,1513,220,pomeriggio
4224392,1513,63,pomeriggio
4223991,1513,220,mattina
4224201,1066,63,mattina
4225185,1066,259,mattina
4228584,1513,220,mattina
4225065,675,17,mattina
4225573,1513,158,sera
4224193,675,58,sera
4224218,675,11,sera
4224245,1513,158,sera
4224258,1513,220,sera
4224473,675,34,sera
4224763,675,10,sera
4224237,675,41,sera
4224550,1513,50,sera
4224263,1513,86,sera
4224996,1066,11,sera
4224842,1066,4,pomeriggio
4225569,1513,158,pomeriggio
4223744,1513,158,notte
4223694,1066,3,notte
4224553,1513,100,mattina
4224790,1066,30,mattina
4229541,1513,220,pomeriggio
4224541,1513,13,notte
4225691,1513,215,pomeriggio
4224752,1513,215,pomeriggio
4231963,1066,46,pomeriggio
4224984,1513,158,pomeriggio
4225306,675,17,mattina
4225581,1513,86,pomeriggio
4225475,1513,220,sera
4225182,1513,63,sera
4224674,675,34,mattina
4227776,1513,79,mattina
4225546,1513,100,pomeriggio
4225181,1513,2,sera
4224943,1066,34,pomeriggio
4225791,1513,78,sera
4224993,1513,220,sera
4224973,1513,158,mattina
4225575,1513,79,mattina
4225574,1513,83,mattina
4225476,1513,3,sera
4226568,1513,158,sera
4225390,675,2,sera
4226483,1066,259,sera
4226228,1513,86,mattina
4226620,1513,220,mattina
4226182,1513,83,pomeriggio
4225395,675,2,mattina
4226640,1513,61,mattina
4226627,1513,83,mattina
4226498,1513,35,pomeriggio
4225564,1513,215,sera
4225235,1513,86,mattina
4226747,1513,79,mattina
4226590,1513,220,sera
4225617,1513,220,pomeriggio
4225388,675,11,pomeriggio
4225412,1066,220,pomeriggio
4225953,1513,61,pomeriggio
4226767,675,58,pomeriggio
4227071,1066,215,pomeriggio
4225302,1513,78,notte
4225264,675,58,notte
4225551,1513,100,notte
4226594,1066,11,sera
4226048,1513,5,pomeriggio
4226053,1513,11,pomeriggio
4226029,1513,61,sera
4227894,1513,63,sera
4227054,1066,259,sera
4226634,1513,83,pomeriggio
4227099,1066,259,pomeriggio
4226253,675,11,sera
4226450,675,2,sera
4225676,675,34,pomeriggio
4225695,1513,35,mattina
4225738,675,11,sera
4225740,675,58,sera
4229025,1513,158,sera
4227607,1513,86,sera
4226608,1513,86,notte
4242276,1066,18,notte
4226367,1513,63,notte
4260941,1513,215,mattina
4227491,59,7,mattina
4235612,1513,215,pomeriggio
4226817,675,34,notte
4226295,1066,63,sera
4226321,1066,11,pomeriggio
4226989,1513,63,pomeriggio
4226323,675,58,sera
4226663,1513,63,sera
4226375,1066,30,sera
4226371,1066,3,sera
4225830,1513,61,notte
4226581,1513,0,notte
4226617,1513,100,notte
4227011,675,11,sera
4226212,1513,63,pomeriggio
4226764,1066,0,notte
4227444,1513,0,sera
4226082,675,41,pomeriggio
4225841,1513,63,mattina
4226633,1513,26,mattina
4226847,1066,63,mattina
4225815,1513,100,notte
4225844,1513,11,notte
4228062,1513,6,notte
4226066,1513,61,pomeriggio
4226026,1066,220,mattina
4227640,1513,158,mattina
4228319,1066,11,pomeriggio
4227376,1066,259,pomeriggio
4227448,1066,259,pomeriggio
4227913,1513,158,pomeriggio
4228167,1513,158,sera
4226914,1513,78,mattina
4226859,1513,158,mattina
4226786,1513,78,mattina
4229611,1066,11,pomeriggio
4227359,1513,78,pomeriggio
4227674,1513,220,sera
4227907,1513,63,sera
4227903,1513,6,sera
4227638,1513,83,sera
4227810,1513,63,pomeriggio
4227822,1513,50,sera
4231635,1066,259,sera
4227626,1513,220,pomeriggio
4230581,1513,220,notte
4227422,1513,8,notte
4232942,1513,35,mattina
4228032,1513,78,mattina
4236031,1513,78,mattina
4228392,1513,50,pomeriggio
4230129,1513,78,sera
4228580,1513,26,sera
4230128,1513,63,pomeriggio
4228183,1513,61,pomeriggio
4228587,1513,158,sera
4228774,1513,100,sera
4229151,1513,17,pomeriggio
4228818,1513,3,pomeriggio
4228129,1513,215,pomeriggio
4228964,1513,50,mattina
4228408,1513,86,mattina
4228102,1513,79,notte
4228462,1513,78,sera
4228772,1513,79,sera
4228033,1513,79,mattina
4228196,1513,61,mattina
4228215,1066,63,pomeriggio
4228313,1066,11,mattina
4228039,1513,220,mattina
4227933,1513,215,mattina
4229065,1513,215,sera
4229059,1513,83,pomeriggio
4228903,1513,61,pomeriggio
4231628,1066,259,sera
4230919,1513,6,sera
4229026,1513,100,sera
4229074,1066,1,notte
4229967,1513,215,pomeriggio
4229033,1066,63,pomeriggio
4291149,1513,220,pomeriggio
4231587,1066,4,pomeriggio
4229052,1066,63,pomeriggio
4229202,1513,61,mattina
4229165,1513,17,mattina
4228689,1513,100,mattina
4228623,1513,6,mattina
4229031,1513,158,sera
4228635,1513,100,mattina
4230054,1513,220,sera
4228943,1513,50,notte
4230526,1513,50,sera
4229452,1066,11,pomeriggio
4229491,1513,78,pomeriggio
4231185,1513,215,pomeriggio
4229386,1513,61,mattina
4229686,303,0,mattina
4230393,1513,17,pomeriggio
4229736,1066,63,pomeriggio
4230447,1513,215,pomeriggio
4230931,1513,6,mattina
4229106,1513,100,mattina
4229187,1513,86,mattina
4230643,1513,220,sera
4235565,1513,63,mattina
4229369,1513,158,mattina
4229377,1513,220,mattina
4231266,1513,86,mattina
4229162,1513,50,notte
4230926,1513,6,sera
4230420,1513,158,notte
4229825,1513,158,notte
4231312,1513,158,notte
4230075,1513,61,sera
4230297,1066,63,sera
4230428,1513,100,sera
4231020,1513,215,sera
4231923,1513,63,pomeriggio
4230162,1513,215,notte
4231602,1066,11,notte
4230584,1513,79,sera
4229695,1513,220,sera
4229633,1513,2,pomeriggio
4230102,1513,78,pomeriggio
4229968,1513,35,pomeriggio
4230350,1513,100,mattina
4230591,1513,158,pomeriggio
4269818,1513,158,mattina
4230794,1513,12,pomeriggio
4231316,1513,61,mattina
4230601,1513,83,pomeriggio
4231127,1513,63,pomeriggio
4231145,1513,215,pomeriggio
4230351,1513,61,pomeriggio
4231265,1066,63,sera
4231128,1513,63,mattina
4235166,1513,79,mattina
4230985,1513,220,mattina
4231351,1513,12,mattina
4231085,1513,220,sera
4231475,1513,215,sera
4231331,1513,26,pomeriggio
4230505,1513,63,notte
4230602,1513,100,notte
4231268,1513,78,mattina
4231320,1513,220,mattina
4231329,1513,26,mattina
4231350,1513,17,pomeriggio
4231940,1513,86,sera
4232089,1513,86,sera
4232658,1513,158,sera
4232004,1066,259,sera
4235645,1513,50,mattina
4231954,1513,220,pomeriggio
4231669,1513,12,pomeriggio
4232724,1066,7,pomeriggio
4232425,1513,61,sera
4232244,1513,83,mattina
4231260,1513,61,notte
4231483,1513,63,mattina
4232967,1513,158,sera
4231912,1513,83,sera
4231996,1066,3,sera
4232424,1513,100,mattina
4233636,1513,220,mattina
4232428,1513,26,mattina
4232429,1513,158,mattina
4232426,1513,26,sera
4232885,1066,259,sera
4232552,1513,78,pomeriggio
4232515,1066,259,pomeriggio
4236128,1513,215,mattina
4232247,1513,100,pomeriggio
4234737,1513,61,sera
4233910,1066,63,sera
4232612,1513,158,mattina
4232576,1513,50,sera
4232347,1513,158,sera
4232348,1513,100,sera
4232286,1513,100,pomeriggio
4232287,1513,100,pomeriggio
4232404,1513,12,pomeriggio
4233161,1066,259,pomeriggio
4233032,1513,158,sera
4239492,1513,86,notte
4233061,1513,61,mattina
4232790,1513,215,pomeriggio
4233564,1513,50,pomeriggio
4232357,1066,0,notte
4233658,1513,158,sera
4232641,1513,220,mattina
4232876,1513,100,pomeriggio
4232884,1513,220,sera
4233035,1513,86,sera
4232994,1513,26,pomeriggio
4235159,1513,17,pomeriggio
4232989,1513,83,notte
4234186,1513,61,sera
4234488,1513,215,pomeriggio
4233659,1513,158,notte
4234698,1513,100,pomeriggio
4233617,1513,83,pomeriggio
4233324,1513,100,pomeriggio
4234487,1513,35,pomeriggio
4234372,1513,50,pomeriggio
4233320,1513,220,pomeriggio
4234141,1066,0,pomeriggio
4235044,1513,215,pomeriggio
4234687,1513,158,mattina
4235639,1513,12,sera
4234716,1513,26,sera
4236374,1513,220,sera
4235634,1513,215,notte
4243880,303,0,pomeriggio
4234720,1513,100,notte
4235106,1513,83,sera
4235644,1513,35,pomeriggio
4233501,1513,79,notte
4235019,1513,158,pomeriggio
4241528,303,26,notte
4233566,1066,30,notte
4234719,1513,158,notte
4233739,1066,259,mattina
4234784,1513,100,pomeriggio
4233781,1513,158,pomeriggio
4234892,303,36,notte
4234738,303,3,pomeriggio
4236544,303,10,pomeriggio
4234302,303,10,pomeriggio
4234767,1513,83,sera
4233991,303,215,notte
4236020,1513,26,notte
4234786,1513,26,notte
4235111,1513,220,pomeriggio
4234612,303,5,sera
4235107,1513,158,sera
4234741,1513,158,sera
4235581,1513,50,mattina
4234463,1513,79,notte
4235641,1513,17,notte
4235204,303,19,mattina
4235571,1513,86,pomeriggio
4234846,303,1,mattina
4236794,1066,30,sera
4235441,675,12,sera
4236470,303,5,mattina
4236061,1066,30,mattina
4235121,1513,86,mattina
4235391,303,36,pomeriggio
4235527,303,0,pomeriggio
4235346,1066,259,pomeriggio
4235851,303,215,pomeriggio
4237527,303,7,sera
4235970,1066,30,mattina
4236190,303,31,pomeriggio
4235953,303,25,mattina
4236145,1066,30,sera
4236735,1066,259,sera
4236534,1513,220,sera
4236426,303,2,mattina
4236286,1066,5,mattina
4236743,1066,30,pomeriggio
4236450,303,3,mattina
4236818,1513,220,mattina
4236467,303,10,mattina
4236481,1513,220,mattina
4237077,1066,259,pomeriggio
4237615,303,36,pomeriggio
4238490,1513,220,pomeriggio
4236705,303,36,pomeriggio
4236827,1513,220,pomeriggio
4237317,1066,259,mattina
4237005,1513,78,mattina
4236965,675,12,mattina
4243238,675,12,mattina
4237149,1513,220,sera
4238126,1513,220,mattina
4236925,1513,78,mattina
4237729,1066,259,sera
4237648,1513,78,sera
4237101,1066,30,pomeriggio
4237613,303,19,notte
4237529,303,3,notte
4241007,303,3,notte
4240372,303,3,sera
4238679,303,26,pomeriggio
4239108,303,26,pomeriggio
4237949,303,25,mattina
4237649,1513,220,pomeriggio
4238209,1513,78,pomeriggio
4238202,1513,78,pomeriggio
4238656,1513,220,sera
4237618,1513,78,mattina
4237536,1066,30,mattina
4237918,675,12,sera
4238293,1066,259,mattina
4238785,1066,4,mattina
4238542,1513,220,pomeriggio
4238206,1513,78,notte
4238844,303,7,pomeriggio
4238771,303,2,pomeriggio
4238705,1066,259,notte
4240307,303,3,pomeriggio
4238286,1513,220,notte
4243952,303,7,sera
4238880,303,0,pomeriggio
4238397,1513,220,pomeriggio
4238633,675,12,pomeriggio
4239535,303,25,sera
4239434,303,36,sera
4239476,1513,78,pomeriggio
4239672,1066,259,sera
4239512,303,26,mattina
4239415,1513,220,mattina
4240004,1066,215,pomeriggio
4241002,1513,220,mattina
4239727,675,27,pomeriggio
4239575,675,27,mattina
4239871,303,220,pomeriggio
4240185,303,220,pomeriggio
4239908,303,2,mattina
4239736,1513,79,mattina
4240590,1066,259,pomeriggio
4240871,675,27,pomeriggio
4240938,303,26,pomeriggio
4241334,303,26,pomeriggio
4240639,1066,215,mattina
4240791,303,26,mattina
4240937,303,1,pomeriggio
4242741,303,0,mattina
4241061,1513,61,pomeriggio
4241271,1513,86,pomeriggio
4243380,1066,215,pomeriggio
4241180,1066,215,pomeriggio
4241280,1513,86,notte
4240941,675,27,pomeriggio
4242745,303,26,sera
4242317,1066,259,mattina
4241626,303,26,pomeriggio
4254017,675,11,pomeriggio
4241730,303,0,sera
4242094,303,26,mattina
4242767,1513,61,sera
4242738,303,26,mattina
4241487,303,26,mattina
4241642,303,26,pomeriggio
4243032,303,13,sera
4242657,1066,215,pomeriggio
4241512,303,26,notte
4258616,1066,8,sera
4242229,1513,78,mattina
4241850,1513,79,mattina
4242447,1513,215,notte
4242690,1513,100,notte
4242750,1513,83,mattina
4242570,303,1,pomeriggio
4242775,1513,61,pomeriggio
4242344,1066,259,pomeriggio
4242149,675,2,mattina
4242106,1513,61,pomeriggio
4243855,1513,34,pomeriggio
4243091,1513,27,pomeriggio
4242046,675,0,pomeriggio
4242729,1513,220,pomeriggio
4242455,1513,4,notte
4242463,1513,215,sera
4241972,1513,158,sera
4242749,1513,220,notte
4243007,1513,79,pomeriggio
4242305,1066,259,pomeriggio
4244998,1513,78,notte
4242753,1513,158,pomeriggio
4242464,1513,215,sera
4241974,1513,79,notte
4242330,1513,16,notte
4242507,1513,1,mattina
4247517,1513,100,sera
4242007,1513,4,notte
4242445,1513,215,mattina
4242089,1513,61,mattina
4243884,1513,4,sera
4243606,1066,259,sera
4249091,1513,215,sera
4243690,303,220,notte
4243435,1513,61,mattina
4243059,1513,158,mattina
4243073,1513,158,mattina
4243442,1513,220,mattina
4243219,303,36,mattina
4243872,1513,220,sera
4243691,1513,78,sera
4243287,1513,100,sera
4248442,675,2,notte
4243783,1513,215,notte
4243292,303,36,pomeriggio
4243550,1513,86,pomeriggio
4243438,1513,100,pomeriggio
4243123,1513,78,mattina
4243071,1513,16,mattina
4243043,1513,79,mattina
4243549,1513,27,mattina
4243031,1513,11,mattina
4243660,1513,34,mattina
4245000,1513,16,sera
4243595,1513,215,sera
4247231,1513,35,pomeriggio
4243962,1066,18,pomeriggio
4243871,1513,158,mattina
4244290,1513,79,mattina
4244822,1513,86,mattina
4244470,1513,220,sera
4244551,1066,0,pomeriggio
4244104,1513,158,pomeriggio
4244021,1513,220,pomeriggio
4244844,1513,83,mattina
4243895,675,3,mattina
4244277,1513,78,mattina
4249175,1513,83,mattina
4244302,1513,35,notte
4247110,1513,35,sera
4244109,1513,61,sera
4244172,1513,61,sera
4244420,1513,35,pomeriggio
4244297,1513,63,pomeriggio
4244834,1513,63,pomeriggio
4246929,1513,83,pomeriggio
4245071,1513,78,mattina
4244954,1513,16,mattina
4244523,1513,61,mattina
4244824,1513,27,pomeriggio
4244695,1513,61,pomeriggio
4245679,1513,220,pomeriggio
4244762,1513,220,pomeriggio
4244699,1513,158,pomeriggio
4244476,1513,79,mattina
4244207,1513,158,notte
4245676,1513,158,notte
4245156,1513,78,notte
4245682,1513,158,pomeriggio
4245983,1513,215,pomeriggio
4249172,1513,79,sera
4245290,1066,2,sera
4245024,1513,61,mattina
4244964,1066,1,mattina
4244904,1066,14,mattina
4245662,1513,100,pomeriggio
4245115,1513,63,mattina
4245092,1513,86,mattina
4253576,1513,61,mattina
4245069,1513,79,mattina
4245285,1513,220,sera
4245319,1513,61,pomeriggio
4245182,1513,1,pomeriggio
4245260,1513,11,pomeriggio
4246932,1513,215,pomeriggio
4245522,675,9,pomeriggio
4245168,1513,220,pomeriggio
4245544,1513,215,pomeriggio
4245513,1513,79,pomeriggio
4247224,1513,35,pomeriggio
4249569,1513,61,notte
4244804,675,3,notte
4246184,1513,34,sera
4249183,1513,100,sera
4245986,1513,27,sera
4246643,1513,16,sera
4245972,1513,63,sera
4246178,1513,78,pomeriggio
4246685,675,9,pomeriggio
4245597,1513,83,pomeriggio
4251303,1513,100,pomeriggio
4247803,1513,215,pomeriggio
4248017,1513,11,pomeriggio
4245970,1513,27,pomeriggio
4247088,1513,35,pomeriggio
4246924,1513,158,pomeriggio
4245980,1513,63,pomeriggio
4246450,1513,11,mattina
4246265,1513,27,mattina
4246266,1513,34,mattina
4246273,1513,34,sera
4247036,1513,158,sera
4245528,675,2,mattina
4245887,1513,220,pomeriggio
4247334,1513,63,pomeriggio
4249913,1513,215,mattina
4246609,1513,215,mattina
4246598,1513,215,sera
4246975,675,9,pomeriggio
4246567,1513,86,sera
4248485,675,2,pomeriggio
4246661,1513,215,notte
4249112,675,7,pomeriggio
4249109,675,7,sera
4249501,675,7,pomeriggio
4250222,1513,1,sera
4251696,1066,1,notte
4251870,1513,1,mattina
4254906,303,5,notte
4254298,1513,27,sera
4255582,303,5,sera
4255427,1513,27,mattina
4255196,1513,27,pomeriggio
4255432,1513,27,pomeriggio
4256281,303,5,sera
4258825,1513,27,sera
4257712,1513,27,mattina
4262473,1513,79,pomeriggio
4262487,1513,79,pomeriggio
4278745,59,6,pomeriggio
4279905,59,6,pomeriggio
4339209,1066,7,pomeriggio
4339761,1066,259,notte
4342056,1066,259,pomeriggio
4340529,1066,4,sera
4340812,675,42,sera
4340877,675,42,pomeriggio
4340789,1066,42,pomeriggio
4341902,1066,42,mattina
4341255,675,20,pomeriggio
4347102,1066,7,pomeriggio
4340989,675,259,notte
4341980,675,42,notte
4341619,675,41,pomeriggio
4342006,675,42,sera
4342005,675,21,pomeriggio
4353269,1066,42,sera
4341903,1066,42,mattina
4342177,303,2,mattina
4342380,675,42,sera
4342272,303,215,pomeriggio
4342336,1066,259,pomeriggio
4342914,303,25,mattina
4342667,675,21,pomeriggio
4343222,303,25,sera
4342738,675,42,sera
4343448,675,20,pomeriggio
4343295,1066,259,sera
4348213,1066,42,notte
4343476,59,5,sera
4343889,1066,259,pomeriggio
4343361,303,2,mattina
4222705,1066,6,pomeriggio
4224940,1066,7,sera
4228328,1513,63,sera
4230553,1513,50,pomeriggio
4235108,1513,158,mattina
4240602,1513,220,mattina
