Y,M,D,HH,MM,BOROUGH,LATITUDE,LONGITUDE,STREET NAME,CROSS STREET NAME,OFF STREET NAME,NUMBER OF PERSONS INJURED,NUMBER OF PERSONS KILLED,temperature_2m (°C),precipitation (mm),rain (mm),cloudcover_low (%),windspeed_10m (km/h),winddirection_10m (°),12:00-1:00 AM,1:00-2:00AM,2:00-3:00AM,3:00-4:00AM,4:00-5:00AM,5:00-6:00AM,6:00-7:00AM,7:00-8:00AM,8:00-9:00AM,9:00-10:00AM,10:00-11:00AM,11:00-12:00PM,12:00-1:00PM,1:00-2:00PM,2:00-3:00PM,3:00-4:00PM,4:00-5:00PM,5:00-6:00PM,6:00-7:00PM,7:00-8:00PM,8:00-9:00PM,9:00-10:00PM,10:00-11:00PM,11:00-12:00AM
2020,8,11,9,15,,40.70412,-73.947876,BROADWAY,,,1,0,24.7,0.0,0.0,1.0,7.6,211.0,328,265,256,188,168,187,214,225,267,287,305,326,390,387,436,412,392,395,420,326,330,317,302,226
2020,8,11,9,15,,40.70412,-73.947876,BROADWAY,,,1,0,24.7,0.0,0.0,1.0,7.6,211.0,179,151,130,107,74,68,66,107,160,206,278,301,302,342,339,353,370,355,357,357,265,267,219,177
2020,8,11,9,15,,40.70412,-73.947876,BROADWAY,,,1,0,24.7,0.0,0.0,1.0,7.6,211.0,517,470,372,274,246,280,204,229,210,252,373,573,496,691,631,642,650,661,739,713,628,623,448,301
2020,8,11,9,15,,40.70412,-73.947876,BROADWAY,,,1,0,24.7,0.0,0.0,1.0,7.6,211.0,188,146,117,76,70,84,145,194,195,241,325,394,471,484,573,506,518,468,431,364,338,274,221,234
2020,8,11,9,15,,40.70412,-73.947876,BROADWAY,,,1,0,24.7,0.0,0.0,1.0,7.6,211.0,533,429,352,316,220,137,119,179,219,286,372,425,540,537,552,544,588,621,733,809,774,657,546,481
2020,8,11,9,15,,40.70412,-73.947876,BROADWAY,,,1,0,24.7,0.0,0.0,1.0,7.6,211.0,426,312,240,178,107,75,147,212,297,389,505,684,674,690,661,729,707,780,766,658,565,453,339,263
2020,8,11,9,45,QUEENS,40.75184,-73.90358,BROADWAY,58 STREET,,1,0,24.7,0.0,0.0,1.0,7.6,211.0,328,265,256,188,168,187,214,225,267,287,305,326,390,387,436,412,392,395,420,326,330,317,302,226
2020,8,11,9,45,QUEENS,40.75184,-73.90358,BROADWAY,58 STREET,,1,0,24.7,0.0,0.0,1.0,7.6,211.0,179,151,130,107,74,68,66,107,160,206,278,301,302,342,339,353,370,355,357,357,265,267,219,177
2020,8,11,9,45,QUEENS,40.75184,-73.90358,BROADWAY,58 STREET,,1,0,24.7,0.0,0.0,1.0,7.6,211.0,517,470,372,274,246,280,204,229,210,252,373,573,496,691,631,642,650,661,739,713,628,623,448,301
2020,8,11,9,45,QUEENS,40.75184,-73.90358,BROADWAY,58 STREET,,1,0,24.7,0.0,0.0,1.0,7.6,211.0,188,146,117,76,70,84,145,194,195,241,325,394,471,484,573,506,518,468,431,364,338,274,221,234
2020,8,11,9,45,QUEENS,40.75184,-73.90358,BROADWAY,58 STREET,,1,0,24.7,0.0,0.0,1.0,7.6,211.0,533,429,352,316,220,137,119,179,219,286,372,425,540,537,552,544,588,621,733,809,774,657,546,481
2020,8,11,9,45,QUEENS,40.75184,-73.90358,BROADWAY,58 STREET,,1,0,24.7,0.0,0.0,1.0,7.6,211.0,426,312,240,178,107,75,147,212,297,389,505,684,674,690,661,729,707,780,766,658,565,453,339,263
2020,8,11,17,45,MANHATTAN,40.865547,-73.92728,BROADWAY,DYCKMAN STREET,,0,0,29.2,0.0,0.0,8.0,11.9,185.0,328,265,256,188,168,187,214,225,267,287,305,326,390,387,436,412,392,395,420,326,330,317,302,226
2020,8,11,17,45,MANHATTAN,40.865547,-73.92728,BROADWAY,DYCKMAN STREET,,0,0,29.2,0.0,0.0,8.0,11.9,185.0,179,151,130,107,74,68,66,107,160,206,278,301,302,342,339,353,370,355,357,357,265,267,219,177
2020,8,11,17,45,MANHATTAN,40.865547,-73.92728,BROADWAY,DYCKMAN STREET,,0,0,29.2,0.0,0.0,8.0,11.9,185.0,517,470,372,274,246,280,204,229,210,252,373,573,496,691,631,642,650,661,739,713,628,623,448,301
2020,8,11,17,45,MANHATTAN,40.865547,-73.92728,BROADWAY,DYCKMAN STREET,,0,0,29.2,0.0,0.0,8.0,11.9,185.0,188,146,117,76,70,84,145,194,195,241,325,394,471,484,573,506,518,468,431,364,338,274,221,234
2020,8,11,17,45,MANHATTAN,40.865547,-73.92728,BROADWAY,DYCKMAN STREET,,0,0,29.2,0.0,0.0,8.0,11.9,185.0,533,429,352,316,220,137,119,179,219,286,372,425,540,537,552,544,588,621,733,809,774,657,546,481
2020,8,11,17,45,MANHATTAN,40.865547,-73.92728,BROADWAY,DYCKMAN STREET,,0,0,29.2,0.0,0.0,8.0,11.9,185.0,426,312,240,178,107,75,147,212,297,389,505,684,674,690,661,729,707,780,766,658,565,453,339,263
2020,8,11,12,45,,40.697407,-73.93601,BROADWAY,,,0,0,25.0,0.0,0.0,0.0,4.6,219.0,328,265,256,188,168,187,214,225,267,287,305,326,390,387,436,412,392,395,420,326,330,317,302,226
2020,8,11,12,45,,40.697407,-73.93601,BROADWAY,,,0,0,25.0,0.0,0.0,0.0,4.6,219.0,179,151,130,107,74,68,66,107,160,206,278,301,302,342,339,353,370,355,357,357,265,267,219,177
2020,8,11,12,45,,40.697407,-73.93601,BROADWAY,,,0,0,25.0,0.0,0.0,0.0,4.6,219.0,517,470,372,274,246,280,204,229,210,252,373,573,496,691,631,642,650,661,739,713,628,623,448,301
2020,8,11,12,45,,40.697407,-73.93601,BROADWAY,,,0,0,25.0,0.0,0.0,0.0,4.6,219.0,188,146,117,76,70,84,145,194,195,241,325,394,471,484,573,506,518,468,431,364,338,274,221,234
2020,8,11,12,45,,40.697407,-73.93601,BROADWAY,,,0,0,25.0,0.0,0.0,0.0,4.6,219.0,533,429,352,316,220,137,119,179,219,286,372,425,540,537,552,544,588,621,733,809,774,657,546,481
2020,8,11,12,45,,40.697407,-73.93601,BROADWAY,,,0,0,25.0,0.0,0.0,0.0,4.6,219.0,426,312,240,178,107,75,147,212,297,389,505,684,674,690,661,729,707,780,766,658,565,453,339,263
2020,8,11,18,45,MANHATTAN,40.782475,-73.98082,BROADWAY,WEST 77 STREET,,0,0,29.3,0.3,0.3,13.0,13.7,178.0,328,265,256,188,168,187,214,225,267,287,305,326,390,387,436,412,392,395,420,326,330,317,302,226
2020,8,11,18,45,MANHATTAN,40.782475,-73.98082,BROADWAY,WEST 77 STREET,,0,0,29.3,0.3,0.3,13.0,13.7,178.0,179,151,130,107,74,68,66,107,160,206,278,301,302,342,339,353,370,355,357,357,265,267,219,177
2020,8,11,18,45,MANHATTAN,40.782475,-73.98082,BROADWAY,WEST 77 STREET,,0,0,29.3,0.3,0.3,13.0,13.7,178.0,517,470,372,274,246,280,204,229,210,252,373,573,496,691,631,642,650,661,739,713,628,623,448,301
2020,8,11,18,45,MANHATTAN,40.782475,-73.98082,BROADWAY,WEST 77 STREET,,0,0,29.3,0.3,0.3,13.0,13.7,178.0,188,146,117,76,70,84,145,194,195,241,325,394,471,484,573,506,518,468,431,364,338,274,221,234
2020,8,11,18,45,MANHATTAN,40.782475,-73.98082,BROADWAY,WEST 77 STREET,,0,0,29.3,0.3,0.3,13.0,13.7,178.0,533,429,352,316,220,137,119,179,219,286,372,425,540,537,552,544,588,621,733,809,774,657,546,481
2020,8,11,18,45,MANHATTAN,40.782475,-73.98082,BROADWAY,WEST 77 STREET,,0,0,29.3,0.3,0.3,13.0,13.7,178.0,426,312,240,178,107,75,147,212,297,389,505,684,674,690,661,729,707,780,766,658,565,453,339,263
2020,8,11,8,45,MANHATTAN,40.80682,-73.96106,AMSTERDAM AVENUE,WEST 116 STREET,,0,0,25.1,0.0,0.0,0.0,7.9,223.0,296,241,211,162,173,101,113,142,207,220,281,275,287,313,303,373,402,385,378,342,345,276,279,271
2020,8,11,8,45,MANHATTAN,40.80682,-73.96106,AMSTERDAM AVENUE,WEST 116 STREET,,0,0,25.1,0.0,0.0,0.0,7.9,223.0,74,67,57,34,29,38,97,97,103,90,129,155,150,164,176,187,182,169,191,135,120,163,144,120
2020,8,11,8,45,MANHATTAN,40.80682,-73.96106,AMSTERDAM AVENUE,WEST 116 STREET,,0,0,25.1,0.0,0.0,0.0,7.9,223.0,289,233,188,154,188,142,139,144,193,215,295,306,333,363,342,342,366,351,345,357,328,278,266,222
2020,8,11,8,45,MANHATTAN,40.80682,-73.96106,AMSTERDAM AVENUE,WEST 116 STREET,,0,0,25.1,0.0,0.0,0.0,7.9,223.0,261,232,174,139,104,127,141,152,152,211,222,245,279,255,270,310,311,275,237,283,250,230,224,158
2020,8,10,13,45,,40.878643,-73.871605,WEBSTER AVENUE,,,0,0,25.6,0.0,0.0,0.0,6.6,261.0,145,77,90,56,100,232,400,543,494,428,513,496,546,580,661,595,645,636,527,517,360,376,312,274
2020,8,10,13,45,,40.878643,-73.871605,WEBSTER AVENUE,,,0,0,25.6,0.0,0.0,0.0,6.6,261.0,108,67,70,54,80,159,368,533,482,434,437,402,437,486,520,567,530,543,564,475,334,268,233,236
2020,8,10,13,45,,40.878643,-73.871605,WEBSTER AVENUE,,,0,0,25.6,0.0,0.0,0.0,6.6,261.0,62,32,23,24,49,123,175,183,230,210,247,252,249,296,369,373,445,405,332,252,210,154,136,105
2020,8,10,13,45,,40.878643,-73.871605,WEBSTER AVENUE,,,0,0,25.6,0.0,0.0,0.0,6.6,261.0,74,28,27,45,45,131,291,450,369,332,344,313,298,411,417,427,413,408,400,309,215,168,154,102
2020,8,10,18,0,BROOKLYN,40.68607,-73.91605,BROADWAY,WEIRFIELD STREET,,0,0,31.0,0.0,0.0,1.0,7.9,210.0,75,36,46,27,52,88,213,370,413,335,320,367,357,358,375,472,500,399,388,382,215,179,134,127
2020,8,10,18,0,BROOKLYN,40.68607,-73.91605,BROADWAY,WEIRFIELD STREET,,0,0,31.0,0.0,0.0,1.0,7.9,210.0,49,25,21,32,29,80,115,134,140,123,117,158,142,164,183,196,176,183,146,119,99,84,63,53
2020,8,10,18,0,BROOKLYN,40.68607,-73.91605,BROADWAY,WEIRFIELD STREET,,0,0,31.0,0.0,0.0,1.0,7.9,210.0,144,83,54,51,55,160,296,472,521,449,425,474,509,568,639,753,774,753,631,516,376,343,247,196
2020,8,10,18,0,BROOKLYN,40.68607,-73.91605,BROADWAY,WEIRFIELD STREET,,0,0,31.0,0.0,0.0,1.0,7.9,210.0,190,118,77,58,43,126,254,387,443,401,404,452,470,492,525,565,763,803,683,599,505,439,335,311
2020,8,10,18,0,BROOKLYN,40.68607,-73.91605,BROADWAY,WEIRFIELD STREET,,0,0,31.0,0.0,0.0,1.0,7.9,210.0,131,79,73,60,95,211,442,645,578,478,440,481,544,546,546,649,604,588,538,447,312,290,241,234
2020,8,10,20,15,,40.83918,-73.94115,BROADWAY,,,3,0,31.5,0.0,0.0,1.0,9.7,207.0,75,36,46,27,52,88,213,370,413,335,320,367,357,358,375,472,500,399,388,382,215,179,134,127
2020,8,10,20,15,,40.83918,-73.94115,BROADWAY,,,3,0,31.5,0.0,0.0,1.0,9.7,207.0,49,25,21,32,29,80,115,134,140,123,117,158,142,164,183,196,176,183,146,119,99,84,63,53
2020,8,10,20,15,,40.83918,-73.94115,BROADWAY,,,3,0,31.5,0.0,0.0,1.0,9.7,207.0,144,83,54,51,55,160,296,472,521,449,425,474,509,568,639,753,774,753,631,516,376,343,247,196
2020,8,10,20,15,,40.83918,-73.94115,BROADWAY,,,3,0,31.5,0.0,0.0,1.0,9.7,207.0,190,118,77,58,43,126,254,387,443,401,404,452,470,492,525,565,763,803,683,599,505,439,335,311
2020,8,10,20,15,,40.83918,-73.94115,BROADWAY,,,3,0,31.5,0.0,0.0,1.0,9.7,207.0,131,79,73,60,95,211,442,645,578,478,440,481,544,546,546,649,604,588,538,447,312,290,241,234
2020,8,10,15,0,,40.602135,-74.114876,TODT HILL ROAD,,,0,0,28.8,0.0,0.0,0.0,3.6,270.0,64,29,30,22,35,165,293,496,533,433,517,478,528,511,610,637,661,654,559,487,307,240,175,145
2020,8,10,15,0,,40.602135,-74.114876,TODT HILL ROAD,,,0,0,28.8,0.0,0.0,0.0,3.6,270.0,60,35,28,16,29,97,323,482,481,486,433,452,490,493,501,523,524,502,514,439,330,234,149,129
2020,7,11,20,45,BROOKLYN,40.701862,-73.94383,BROADWAY,WHIPPLE STREET,,1,0,29.0,6.3,6.3,51.0,18.4,174.0,402,300,247,207,192,211,288,398,402,383,424,440,496,509,546,556,491,511,464,429,378,374,328,339
2020,7,11,20,45,BROOKLYN,40.701862,-73.94383,BROADWAY,WHIPPLE STREET,,1,0,29.0,6.3,6.3,51.0,18.4,174.0,418,331,252,223,192,179,198,263,351,377,438,486,437,462,494,524,498,444,381,384,339,328,314,276
2020,7,11,20,45,BROOKLYN,40.701862,-73.94383,BROADWAY,WHIPPLE STREET,,1,0,29.0,6.3,6.3,51.0,18.4,174.0,182,99,117,119,136,184,212,325,354,490,618,694,764,678,729,729,790,798,906,761,763,657,668,488
2020,7,11,20,45,BROOKLYN,40.701862,-73.94383,BROADWAY,WHIPPLE STREET,,1,0,29.0,6.3,6.3,51.0,18.4,174.0,119,82,71,61,97,208,284,318,379,410,480,511,646,612,636,715,668,622,669,585,584,461,492,486
2020,7,11,20,45,BROOKLYN,40.701862,-73.94383,BROADWAY,WHIPPLE STREET,,1,0,29.0,6.3,6.3,51.0,18.4,174.0,630,625,505,294,230,208,236,275,294,331,388,435,499,512,555,492,638,574,594,563,562,570,525,576
2020,7,11,20,45,BROOKLYN,40.701862,-73.94383,BROADWAY,WHIPPLE STREET,,1,0,29.0,6.3,6.3,51.0,18.4,174.0,455,310,266,182,127,127,205,306,315,423,480,612,743,742,726,685,738,720,810,832,887,740,725,555
2020,7,11,7,45,,40.83027,-73.94393,AMSTERDAM AVENUE,,,0,0,23.2,0.0,0.0,36.0,24.3,215.0,254,246,230,195,158,149,137,216,338,392,389,322,356,390,368,430,471,419,461,422,389,375,317,313
2020,7,11,7,45,,40.83027,-73.94393,AMSTERDAM AVENUE,,,0,0,23.2,0.0,0.0,36.0,24.3,215.0,159,123,102,69,83,77,135,174,209,215,209,167,177,208,197,242,223,205,185,221,203,137,121,97
2020,7,11,7,45,,40.83027,-73.94393,AMSTERDAM AVENUE,,,0,0,23.2,0.0,0.0,36.0,24.3,215.0,311,207,203,177,168,164,171,233,277,269,351,361,393,423,448,430,448,436,373,390,385,333,325,332
2020,7,11,7,45,,40.83027,-73.94393,AMSTERDAM AVENUE,,,0,0,23.2,0.0,0.0,36.0,24.3,215.0,236,223,158,114,138,110,140,165,212,205,225,246,277,282,278,335,385,356,298,342,294,285,275,248
2020,7,10,11,30,QUEENS,40.75184,-73.90358,BROADWAY,58 STREET,,1,0,24.8,0.0,0.0,100.0,11.8,52.0,85,48,43,34,41,95,220,341,450,299,337,355,385,370,381,508,447,404,357,286,205,174,128,119
2020,7,10,11,30,QUEENS,40.75184,-73.90358,BROADWAY,58 STREET,,1,0,24.8,0.0,0.0,100.0,11.8,52.0,35,35,21,23,31,84,111,142,152,136,139,156,165,177,186,204,180,176,148,115,98,85,58,52
2020,7,10,11,30,QUEENS,40.75184,-73.90358,BROADWAY,58 STREET,,1,0,24.8,0.0,0.0,100.0,11.8,52.0,133,73,40,55,69,173,321,499,513,468,454,396,531,572,631,680,663,661,607,461,380,258,246,177
2020,7,10,11,30,QUEENS,40.75184,-73.90358,BROADWAY,58 STREET,,1,0,24.8,0.0,0.0,100.0,11.8,52.0,195,112,80,57,65,116,255,405,438,443,415,442,480,511,539,652,767,744,677,557,458,379,282,280
2020,7,10,11,30,QUEENS,40.75184,-73.90358,BROADWAY,58 STREET,,1,0,24.8,0.0,0.0,100.0,11.8,52.0,134,92,59,59,93,241,458,574,570,472,438,430,512,475,548,627,565,511,482,417,349,280,212,201
2020,7,10,14,15,MANHATTAN,40.83468,-73.944435,BROADWAY,WEST 158 STREET,,0,0,24.5,0.5,0.5,87.0,15.0,66.0,85,48,43,34,41,95,220,341,450,299,337,355,385,370,381,508,447,404,357,286,205,174,128,119
2020,7,10,14,15,MANHATTAN,40.83468,-73.944435,BROADWAY,WEST 158 STREET,,0,0,24.5,0.5,0.5,87.0,15.0,66.0,35,35,21,23,31,84,111,142,152,136,139,156,165,177,186,204,180,176,148,115,98,85,58,52
2020,7,10,14,15,MANHATTAN,40.83468,-73.944435,BROADWAY,WEST 158 STREET,,0,0,24.5,0.5,0.5,87.0,15.0,66.0,133,73,40,55,69,173,321,499,513,468,454,396,531,572,631,680,663,661,607,461,380,258,246,177
2020,7,10,14,15,MANHATTAN,40.83468,-73.944435,BROADWAY,WEST 158 STREET,,0,0,24.5,0.5,0.5,87.0,15.0,66.0,195,112,80,57,65,116,255,405,438,443,415,442,480,511,539,652,767,744,677,557,458,379,282,280
2020,7,10,14,15,MANHATTAN,40.83468,-73.944435,BROADWAY,WEST 158 STREET,,0,0,24.5,0.5,0.5,87.0,15.0,66.0,134,92,59,59,93,241,458,574,570,472,438,430,512,475,548,627,565,511,482,417,349,280,212,201
2020,7,10,11,30,,40.858986,-73.89382,WEBSTER AVENUE,,,0,0,24.8,0.0,0.0,100.0,11.8,52.0,192,106,76,55,105,217,399,533,509,462,437,551,543,607,668,618,586,610,492,538,378,286,257,245
2020,7,10,11,30,,40.858986,-73.89382,WEBSTER AVENUE,,,0,0,24.8,0.0,0.0,100.0,11.8,52.0,115,63,55,56,68,149,401,600,454,355,371,390,392,400,492,568,532,541,516,408,310,270,224,214
2020,7,10,11,30,,40.858986,-73.89382,WEBSTER AVENUE,,,0,0,24.8,0.0,0.0,100.0,11.8,52.0,65,43,28,22,53,102,155,200,219,196,191,245,263,282,380,414,405,400,310,219,179,119,114,97
2020,7,10,11,30,,40.858986,-73.89382,WEBSTER AVENUE,,,0,0,24.8,0.0,0.0,100.0,11.8,52.0,82,46,26,42,36,119,277,409,383,323,285,280,315,336,387,411,377,427,313,251,207,150,152,110
2020,7,10,21,30,BRONX,40.87307,-73.84424,EASTCHESTER ROAD,BURKE AVENUE,,1,0,24.7,2.3,2.3,100.0,29.2,99.0,86,44,18,18,19,54,118,299,299,288,302,299,353,343,451,502,436,386,356,304,250,176,113,151
2020,7,10,21,30,BRONX,40.87307,-73.84424,EASTCHESTER ROAD,BURKE AVENUE,,1,0,24.7,2.3,2.3,100.0,29.2,99.0,84,40,30,17,29,64,172,248,264,207,238,231,280,323,399,340,357,309,300,260,179,164,157,126
2020,7,10,19,15,,40.61636,-74.15677,RICHMOND AVENUE,CASWELL AVENUE,,0,0,24.4,9.8,9.8,100.0,29.1,72.0,185,113,51,70,101,185,374,760,1051,946,1084,1359,1485,1756,2042,2281,2257,2189,1814,1582,908,585,367,304
2020,7,10,19,15,,40.61636,-74.15677,RICHMOND AVENUE,CASWELL AVENUE,,0,0,24.4,9.8,9.8,100.0,29.1,72.0,186,96,80,121,286,604,1526,2289,1953,1567,1626,1633,1821,1710,1929,1912,1848,1697,1538,1101,718,454,419,313
2020,7,10,20,45,,40.82843,-73.88105,WESTCHESTER AVENUE,,,0,0,24.6,6.1,6.1,100.0,28.9,85.0,131,99,80,46,99,264,478,547,456,433,461,428,542,513,479,608,680,769,577,507,431,344,231,206
2020,7,10,9,45,BRONX,40.82858,-73.87918,WESTCHESTER AVENUE,ELDER AVENUE,,1,0,23.9,0.0,0.0,99.0,9.6,77.0,131,99,80,46,99,264,478,547,456,433,461,428,542,513,479,608,680,769,577,507,431,344,231,206
2020,6,10,11,0,QUEENS,40.739395,-73.87792,BROADWAY,CORONA AVENUE,,0,0,22.4,0.0,0.0,8.0,6.3,77.0,67,51,32,28,46,105,231,373,472,294,302,339,391,356,365,481,433,446,363,362,263,178,134,119
2020,6,10,11,0,QUEENS,40.739395,-73.87792,BROADWAY,CORONA AVENUE,,0,0,22.4,0.0,0.0,8.0,6.3,77.0,44,35,18,30,39,70,136,138,160,146,139,173,150,175,173,213,195,187,132,114,103,91,69,47
2020,6,10,11,0,QUEENS,40.739395,-73.87792,BROADWAY,CORONA AVENUE,,0,0,22.4,0.0,0.0,8.0,6.3,77.0,143,88,62,55,63,166,310,501,552,446,447,431,528,569,651,720,768,715,692,532,409,284,244,183
2020,6,10,11,0,QUEENS,40.739395,-73.87792,BROADWAY,CORONA AVENUE,,0,0,22.4,0.0,0.0,8.0,6.3,77.0,177,87,68,46,44,119,251,390,484,452,382,441,481,489,530,581,723,778,693,631,473,352,344,226
2020,6,10,11,0,QUEENS,40.739395,-73.87792,BROADWAY,CORONA AVENUE,,0,0,22.4,0.0,0.0,8.0,6.3,77.0,119,78,54,51,81,232,465,631,537,447,431,438,466,455,534,572,587,590,490,438,339,260,222,176
2020,6,10,22,0,QUEENS,40.748993,-73.89687,BROADWAY,69 STREET,,0,0,26.3,0.0,0.0,8.0,16.6,139.0,67,51,32,28,46,105,231,373,472,294,302,339,391,356,365,481,433,446,363,362,263,178,134,119
2020,6,10,22,0,QUEENS,40.748993,-73.89687,BROADWAY,69 STREET,,0,0,26.3,0.0,0.0,8.0,16.6,139.0,44,35,18,30,39,70,136,138,160,146,139,173,150,175,173,213,195,187,132,114,103,91,69,47
2020,6,10,22,0,QUEENS,40.748993,-73.89687,BROADWAY,69 STREET,,0,0,26.3,0.0,0.0,8.0,16.6,139.0,143,88,62,55,63,166,310,501,552,446,447,431,528,569,651,720,768,715,692,532,409,284,244,183
2020,6,10,22,0,QUEENS,40.748993,-73.89687,BROADWAY,69 STREET,,0,0,26.3,0.0,0.0,8.0,16.6,139.0,177,87,68,46,44,119,251,390,484,452,382,441,481,489,530,581,723,778,693,631,473,352,344,226
2020,6,10,22,0,QUEENS,40.748993,-73.89687,BROADWAY,69 STREET,,0,0,26.3,0.0,0.0,8.0,16.6,139.0,119,78,54,51,81,232,465,631,537,447,431,438,466,455,534,572,587,590,490,438,339,260,222,176
2020,6,10,14,45,MANHATTAN,40.83406,-73.944885,BROADWAY,WEST 157 STREET,,0,0,23.5,0.0,0.0,3.0,10.2,113.0,67,51,32,28,46,105,231,373,472,294,302,339,391,356,365,481,433,446,363,362,263,178,134,119
2020,6,10,14,45,MANHATTAN,40.83406,-73.944885,BROADWAY,WEST 157 STREET,,0,0,23.5,0.0,0.0,3.0,10.2,113.0,44,35,18,30,39,70,136,138,160,146,139,173,150,175,173,213,195,187,132,114,103,91,69,47
2020,6,10,14,45,MANHATTAN,40.83406,-73.944885,BROADWAY,WEST 157 STREET,,0,0,23.5,0.0,0.0,3.0,10.2,113.0,143,88,62,55,63,166,310,501,552,446,447,431,528,569,651,720,768,715,692,532,409,284,244,183
2020,6,10,14,45,MANHATTAN,40.83406,-73.944885,BROADWAY,WEST 157 STREET,,0,0,23.5,0.0,0.0,3.0,10.2,113.0,177,87,68,46,44,119,251,390,484,452,382,441,481,489,530,581,723,778,693,631,473,352,344,226
2020,6,10,14,45,MANHATTAN,40.83406,-73.944885,BROADWAY,WEST 157 STREET,,0,0,23.5,0.0,0.0,3.0,10.2,113.0,119,78,54,51,81,232,465,631,537,447,431,438,466,455,534,572,587,590,490,438,339,260,222,176
2020,6,10,16,0,MANHATTAN,40.723022,-73.99882,BROADWAY,SPRING STREET,,1,0,26.4,0.0,0.0,14.0,12.0,134.0,67,51,32,28,46,105,231,373,472,294,302,339,391,356,365,481,433,446,363,362,263,178,134,119
2020,6,10,16,0,MANHATTAN,40.723022,-73.99882,BROADWAY,SPRING STREET,,1,0,26.4,0.0,0.0,14.0,12.0,134.0,44,35,18,30,39,70,136,138,160,146,139,173,150,175,173,213,195,187,132,114,103,91,69,47
2020,6,10,16,0,MANHATTAN,40.723022,-73.99882,BROADWAY,SPRING STREET,,1,0,26.4,0.0,0.0,14.0,12.0,134.0,143,88,62,55,63,166,310,501,552,446,447,431,528,569,651,720,768,715,692,532,409,284,244,183
2020,6,10,16,0,MANHATTAN,40.723022,-73.99882,BROADWAY,SPRING STREET,,1,0,26.4,0.0,0.0,14.0,12.0,134.0,177,87,68,46,44,119,251,390,484,452,382,441,481,489,530,581,723,778,693,631,473,352,344,226
2020,6,10,16,0,MANHATTAN,40.723022,-73.99882,BROADWAY,SPRING STREET,,1,0,26.4,0.0,0.0,14.0,12.0,134.0,119,78,54,51,81,232,465,631,537,447,431,438,466,455,534,572,587,590,490,438,339,260,222,176
2020,6,10,16,0,MANHATTAN,40.848392,-73.937675,BROADWAY,WEST 178 STREET,,1,0,26.4,0.0,0.0,14.0,12.0,134.0,67,51,32,28,46,105,231,373,472,294,302,339,391,356,365,481,433,446,363,362,263,178,134,119
2020,6,10,16,0,MANHATTAN,40.848392,-73.937675,BROADWAY,WEST 178 STREET,,1,0,26.4,0.0,0.0,14.0,12.0,134.0,44,35,18,30,39,70,136,138,160,146,139,173,150,175,173,213,195,187,132,114,103,91,69,47
2020,6,10,16,0,MANHATTAN,40.848392,-73.937675,BROADWAY,WEST 178 STREET,,1,0,26.4,0.0,0.0,14.0,12.0,134.0,143,88,62,55,63,166,310,501,552,446,447,431,528,569,651,720,768,715,692,532,409,284,244,183
2020,6,10,16,0,MANHATTAN,40.848392,-73.937675,BROADWAY,WEST 178 STREET,,1,0,26.4,0.0,0.0,14.0,12.0,134.0,177,87,68,46,44,119,251,390,484,452,382,441,481,489,530,581,723,778,693,631,473,352,344,226
2020,6,10,16,0,MANHATTAN,40.848392,-73.937675,BROADWAY,WEST 178 STREET,,1,0,26.4,0.0,0.0,14.0,12.0,134.0,119,78,54,51,81,232,465,631,537,447,431,438,466,455,534,572,587,590,490,438,339,260,222,176
2020,6,10,22,45,,40.661568,-73.90479,RIVERDALE AVENUE,,,1,0,26.3,0.0,0.0,8.0,16.6,139.0,48,21,20,7,20,55,155,253,350,249,244,270,334,357,406,390,404,398,373,276,177,132,101,71
2020,6,10,22,45,,40.661568,-73.90479,RIVERDALE AVENUE,,,1,0,26.3,0.0,0.0,8.0,16.6,139.0,44,22,16,18,25,61,216,438,552,378,415,440,487,501,555,570,548,549,548,384,254,146,107,65
2020,6,10,17,30,BRONX,40.84169,-73.84009,WESTCHESTER AVENUE,LITTLE LEAGUE PLACE,,1,0,27.2,0.0,0.0,24.0,14.0,136.0,153,79,57,58,102,227,473,484,434,420,468,501,536,504,549,519,719,720,641,548,444,315,224,195
2020,6,10,15,30,BRONX,,,EASTCHESTER ROAD,BASSETT AVENUE,,1,0,25.3,0.0,0.0,3.0,10.9,124.0,62,35,28,22,27,56,100,290,303,279,290,332,343,353,433,527,469,457,389,298,238,170,133,155
2020,6,10,15,30,BRONX,,,EASTCHESTER ROAD,BASSETT AVENUE,,1,0,25.3,0.0,0.0,3.0,10.9,124.0,56,37,35,22,41,52,180,270,262,258,244,256,305,295,387,361,364,352,285,241,186,170,170,118
2020,5,10,13,0,BRONX,40.816765,-73.86475,RANDALL AVENUE,COMMONWLTH AVENUE,,0,0,7.9,0.0,0.0,0.0,20.0,247.0,185,109,90,73,101,172,327,545,620,518,507,529,546,632,750,828,855,682,774,578,435,314,238,218
2020,5,10,13,0,BRONX,40.816765,-73.86475,RANDALL AVENUE,COMMONWLTH AVENUE,,0,0,7.9,0.0,0.0,0.0,20.0,247.0,26,22,11,11,17,39,65,104,96,102,103,120,132,134,164,163,145,143,152,110,89,62,64,37
2020,5,10,16,30,BRONX,40.8385,-73.90598,WEBSTER AVENUE,EAST 171 STREET,,0,0,13.7,0.0,0.0,0.0,23.7,246.0,153,93,85,69,103,229,366,509,510,482,444,495,491,537,665,667,623,640,590,471,406,279,239,234
2020,5,10,16,30,BRONX,40.8385,-73.90598,WEBSTER AVENUE,EAST 171 STREET,,0,0,13.7,0.0,0.0,0.0,23.7,246.0,96,53,52,45,74,149,390,548,469,392,369,369,397,452,480,555,540,535,510,413,312,219,189,228
2020,5,10,16,30,BRONX,40.8385,-73.90598,WEBSTER AVENUE,EAST 171 STREET,,0,0,13.7,0.0,0.0,0.0,23.7,246.0,46,30,25,38,52,92,175,189,191,211,190,257,245,255,342,395,379,436,366,234,212,136,101,92
2020,5,10,16,30,BRONX,40.8385,-73.90598,WEBSTER AVENUE,EAST 171 STREET,,0,0,13.7,0.0,0.0,0.0,23.7,246.0,69,40,26,38,45,123,303,418,382,331,289,267,310,355,404,404,356,379,350,262,197,156,140,99
2020,5,10,19,45,,40.799786,-73.968216,BROADWAY,,,1,0,16.0,0.0,0.0,0.0,23.7,257.0,74,44,60,40,55,118,225,356,378,328,329,323,360,378,393,498,439,380,383,298,224,180,125,117
2020,5,10,19,45,,40.799786,-73.968216,BROADWAY,,,1,0,16.0,0.0,0.0,0.0,23.7,257.0,37,21,12,25,32,76,115,127,172,129,119,156,147,182,171,211,158,159,143,100,86,84,65,47
2020,5,10,19,45,,40.799786,-73.968216,BROADWAY,,,1,0,16.0,0.0,0.0,0.0,23.7,257.0,126,80,60,55,74,173,286,472,497,466,472,426,518,562,630,659,675,661,614,467,354,259,217,161
2020,5,10,19,45,,40.799786,-73.968216,BROADWAY,,,1,0,16.0,0.0,0.0,0.0,23.7,257.0,279,143,81,71,54,140,245,420,442,422,373,410,467,497,577,596,698,751,658,607,472,348,263,271
2020,5,10,19,45,,40.799786,-73.968216,BROADWAY,,,1,0,16.0,0.0,0.0,0.0,23.7,257.0,173,108,96,133,104,253,409,609,540,464,416,412,435,498,602,623,554,519,478,414,342,243,212,191
2020,5,10,18,30,,40.8022,-73.9678,BROADWAY,WEST 107 STREET,,1,0,15.4,0.0,0.0,0.0,25.8,258.0,74,44,60,40,55,118,225,356,378,328,329,323,360,378,393,498,439,380,383,298,224,180,125,117
2020,5,10,18,30,,40.8022,-73.9678,BROADWAY,WEST 107 STREET,,1,0,15.4,0.0,0.0,0.0,25.8,258.0,37,21,12,25,32,76,115,127,172,129,119,156,147,182,171,211,158,159,143,100,86,84,65,47
2020,5,10,18,30,,40.8022,-73.9678,BROADWAY,WEST 107 STREET,,1,0,15.4,0.0,0.0,0.0,25.8,258.0,126,80,60,55,74,173,286,472,497,466,472,426,518,562,630,659,675,661,614,467,354,259,217,161
2020,5,10,18,30,,40.8022,-73.9678,BROADWAY,WEST 107 STREET,,1,0,15.4,0.0,0.0,0.0,25.8,258.0,279,143,81,71,54,140,245,420,442,422,373,410,467,497,577,596,698,751,658,607,472,348,263,271
2020,5,10,18,30,,40.8022,-73.9678,BROADWAY,WEST 107 STREET,,1,0,15.4,0.0,0.0,0.0,25.8,258.0,173,108,96,133,104,253,409,609,540,464,416,412,435,498,602,623,554,519,478,414,342,243,212,191
2020,5,10,18,15,BRONX,40.85366,-73.86774,WHITE PLAINS ROAD,MARAN PLACE,,1,0,15.4,0.0,0.0,0.0,25.8,258.0,96,90,72,66,61,69,132,197,249,223,254,293,294,300,313,298,309,305,296,236,240,189,129,115
2020,5,10,18,15,BRONX,40.85366,-73.86774,WHITE PLAINS ROAD,MARAN PLACE,,1,0,15.4,0.0,0.0,0.0,25.8,258.0,167,129,116,101,104,166,214,325,388,357,391,379,368,454,412,415,393,377,392,342,310,324,237,204
2020,4,10,6,15,,40.611874,-74.13824,VICTORY BOULEVARD,OCONNOR AVENUE,,1,0,6.9,0.0,0.0,6.0,21.6,267.0,49,32,19,12,12,20,32,37,82,100,215,190,236,232,271,246,289,336,334,278,238,129,60,40
2020,4,10,6,15,,40.611874,-74.13824,VICTORY BOULEVARD,OCONNOR AVENUE,,1,0,6.9,0.0,0.0,6.0,21.6,267.0,36,27,20,14,13,26,43,62,95,157,210,249,294,267,242,205,172,162,157,118,124,90,48,49
2020,4,10,9,0,,40.885098,-73.90066,BROADWAY,,,0,0,5.2,0.0,0.0,0.0,21.6,274.0,135,104,68,48,49,36,74,113,174,229,303,326,409,390,396,413,390,382,368,322,257,180,131,119
2020,4,10,9,0,,40.885098,-73.90066,BROADWAY,,,0,0,5.2,0.0,0.0,0.0,21.6,274.0,60,44,15,16,25,20,47,53,92,148,157,135,148,170,179,145,161,157,97,132,89,80,62,53
2020,4,10,9,0,,40.885098,-73.90066,BROADWAY,,,0,0,5.2,0.0,0.0,0.0,21.6,274.0,203,127,75,53,68,67,119,169,269,352,427,458,521,595,590,610,598,564,475,498,407,308,254,182
2020,4,10,9,0,,40.885098,-73.90066,BROADWAY,,,0,0,5.2,0.0,0.0,0.0,21.6,274.0,411,304,163,125,113,84,112,169,185,268,315,362,459,534,526,566,544,566,509,545,468,423,369,345
2020,4,10,9,0,,40.885098,-73.90066,BROADWAY,,,0,0,5.2,0.0,0.0,0.0,21.6,274.0,240,202,128,191,126,92,157,222,260,316,420,457,483,504,561,522,451,474,466,386,362,313,251,228
2020,4,10,19,0,BRONX,,,EAST FORDHAM ROAD,SOUTHERN BOULEVARD,,0,0,8.4,0.4,0.4,26.0,34.0,296.0,603,535,575,402,339,371,439,741,843,951,1203,1372,1652,1812,1889,1918,1839,1758,1666,1654,1448,1205,1086,878
2020,3,10,7,0,,40.608837,-74.161194,RICHMOND AVENUE,GREENTREE LANE,,1,0,10.8,0.0,0.0,0.0,12.9,234.0,303,145,91,61,84,73,169,367,707,903,1259,1614,1852,1790,1995,1919,1595,1680,1609,1274,882,605,502,329
2020,3,10,7,0,,40.608837,-74.161194,RICHMOND AVENUE,GREENTREE LANE,,1,0,10.8,0.0,0.0,0.0,12.9,234.0,286,182,130,123,129,187,381,665,982,1276,1713,1820,1865,1858,1847,1692,1807,1654,1315,1036,844,589,468,421
2020,3,10,12,0,,40.607185,-74.16239,VICTORY BOULEVARD,RICHMOND AVENUE,,1,0,9.2,0.0,0.0,0.0,12.3,220.0,157,95,33,12,42,55,62,92,132,170,216,255,267,249,254,215,204,245,214,179,158,130,97,87
2020,3,10,12,0,,40.607185,-74.16239,VICTORY BOULEVARD,RICHMOND AVENUE,,1,0,9.2,0.0,0.0,0.0,12.3,220.0,64,29,22,11,13,22,57,92,161,238,305,333,378,379,336,259,263,220,228,158,133,98,71,68
2020,3,10,15,15,,40.858273,-73.93182,BROADWAY,,,0,0,14.0,0.0,0.0,1.0,14.9,233.0,120,102,56,56,45,61,112,207,276,323,370,457,457,446,423,451,434,413,426,347,268,211,199,166
2020,3,10,15,15,,40.858273,-73.93182,BROADWAY,,,0,0,14.0,0.0,0.0,1.0,14.9,233.0,48,50,28,20,25,40,54,69,95,127,183,151,172,182,176,153,165,127,140,103,97,80,69,64
2020,3,10,15,15,,40.858273,-73.93182,BROADWAY,,,0,0,14.0,0.0,0.0,1.0,14.9,233.0,189,146,100,74,66,91,149,324,348,480,577,647,668,650,693,701,662,604,551,485,442,342,293,269
2020,3,10,15,15,,40.858273,-73.93182,BROADWAY,,,0,0,14.0,0.0,0.0,1.0,14.9,233.0,307,218,153,104,78,97,143,262,299,308,388,446,438,505,534,593,617,597,607,542,542,503,482,444
2020,3,10,15,15,,40.858273,-73.93182,BROADWAY,,,0,0,14.0,0.0,0.0,1.0,14.9,233.0,206,173,126,84,94,136,227,319,379,422,411,507,547,560,517,615,530,543,513,477,389,329,285,278
2020,3,10,6,30,,40.74972,-73.89858,BROADWAY,64 STREET,,0,0,11.4,0.0,0.0,0.0,13.1,233.0,120,102,56,56,45,61,112,207,276,323,370,457,457,446,423,451,434,413,426,347,268,211,199,166
2020,3,10,6,30,,40.74972,-73.89858,BROADWAY,64 STREET,,0,0,11.4,0.0,0.0,0.0,13.1,233.0,48,50,28,20,25,40,54,69,95,127,183,151,172,182,176,153,165,127,140,103,97,80,69,64
2020,3,10,6,30,,40.74972,-73.89858,BROADWAY,64 STREET,,0,0,11.4,0.0,0.0,0.0,13.1,233.0,189,146,100,74,66,91,149,324,348,480,577,647,668,650,693,701,662,604,551,485,442,342,293,269
2020,3,10,6,30,,40.74972,-73.89858,BROADWAY,64 STREET,,0,0,11.4,0.0,0.0,0.0,13.1,233.0,307,218,153,104,78,97,143,262,299,308,388,446,438,505,534,593,617,597,607,542,542,503,482,444
2020,3,10,6,30,,40.74972,-73.89858,BROADWAY,64 STREET,,0,0,11.4,0.0,0.0,0.0,13.1,233.0,206,173,126,84,94,136,227,319,379,422,411,507,547,560,517,615,530,543,513,477,389,329,285,278
2020,3,10,13,0,,40.858273,-73.93182,BROADWAY,,,0,0,10.3,0.0,0.0,0.0,13.7,225.0,120,102,56,56,45,61,112,207,276,323,370,457,457,446,423,451,434,413,426,347,268,211,199,166
2020,3,10,13,0,,40.858273,-73.93182,BROADWAY,,,0,0,10.3,0.0,0.0,0.0,13.7,225.0,48,50,28,20,25,40,54,69,95,127,183,151,172,182,176,153,165,127,140,103,97,80,69,64
2020,3,10,13,0,,40.858273,-73.93182,BROADWAY,,,0,0,10.3,0.0,0.0,0.0,13.7,225.0,189,146,100,74,66,91,149,324,348,480,577,647,668,650,693,701,662,604,551,485,442,342,293,269
2020,3,10,13,0,,40.858273,-73.93182,BROADWAY,,,0,0,10.3,0.0,0.0,0.0,13.7,225.0,307,218,153,104,78,97,143,262,299,308,388,446,438,505,534,593,617,597,607,542,542,503,482,444
2020,3,10,13,0,,40.858273,-73.93182,BROADWAY,,,0,0,10.3,0.0,0.0,0.0,13.7,225.0,206,173,126,84,94,136,227,319,379,422,411,507,547,560,517,615,530,543,513,477,389,329,285,278
2020,3,10,10,15,,40.761597,-73.9246,BROADWAY,,,0,0,8.8,0.0,0.0,0.0,9.7,228.0,120,102,56,56,45,61,112,207,276,323,370,457,457,446,423,451,434,413,426,347,268,211,199,166
2020,3,10,10,15,,40.761597,-73.9246,BROADWAY,,,0,0,8.8,0.0,0.0,0.0,9.7,228.0,48,50,28,20,25,40,54,69,95,127,183,151,172,182,176,153,165,127,140,103,97,80,69,64
2020,3,10,10,15,,40.761597,-73.9246,BROADWAY,,,0,0,8.8,0.0,0.0,0.0,9.7,228.0,189,146,100,74,66,91,149,324,348,480,577,647,668,650,693,701,662,604,551,485,442,342,293,269
2020,3,10,10,15,,40.761597,-73.9246,BROADWAY,,,0,0,8.8,0.0,0.0,0.0,9.7,228.0,307,218,153,104,78,97,143,262,299,308,388,446,438,505,534,593,617,597,607,542,542,503,482,444
2020,3,10,10,15,,40.761597,-73.9246,BROADWAY,,,0,0,8.8,0.0,0.0,0.0,9.7,228.0,206,173,126,84,94,136,227,319,379,422,411,507,547,560,517,615,530,543,513,477,389,329,285,278
2020,3,10,18,15,MANHATTAN,40.760773,-73.984474,BROADWAY,WEST 49 STREET,,0,0,16.4,0.0,0.0,27.0,21.4,221.0,120,102,56,56,45,61,112,207,276,323,370,457,457,446,423,451,434,413,426,347,268,211,199,166
2020,3,10,18,15,MANHATTAN,40.760773,-73.984474,BROADWAY,WEST 49 STREET,,0,0,16.4,0.0,0.0,27.0,21.4,221.0,48,50,28,20,25,40,54,69,95,127,183,151,172,182,176,153,165,127,140,103,97,80,69,64
2020,3,10,18,15,MANHATTAN,40.760773,-73.984474,BROADWAY,WEST 49 STREET,,0,0,16.4,0.0,0.0,27.0,21.4,221.0,189,146,100,74,66,91,149,324,348,480,577,647,668,650,693,701,662,604,551,485,442,342,293,269
2020,3,10,18,15,MANHATTAN,40.760773,-73.984474,BROADWAY,WEST 49 STREET,,0,0,16.4,0.0,0.0,27.0,21.4,221.0,307,218,153,104,78,97,143,262,299,308,388,446,438,505,534,593,617,597,607,542,542,503,482,444
2020,3,10,18,15,MANHATTAN,40.760773,-73.984474,BROADWAY,WEST 49 STREET,,0,0,16.4,0.0,0.0,27.0,21.4,221.0,206,173,126,84,94,136,227,319,379,422,411,507,547,560,517,615,530,543,513,477,389,329,285,278
2020,3,10,15,45,BRONX,40.878643,-73.871605,WEBSTER AVENUE,EAST GUN HILL ROAD,,0,0,14.0,0.0,0.0,1.0,14.9,233.0,275,172,122,110,89,138,206,288,359,403,414,545,566,585,583,581,560,520,529,515,517,418,356,334
2020,3,10,15,45,BRONX,40.878643,-73.871605,WEBSTER AVENUE,EAST GUN HILL ROAD,,0,0,14.0,0.0,0.0,1.0,14.9,233.0,154,105,90,81,58,88,183,284,355,358,410,456,498,547,531,575,579,597,603,563,443,326,314,281
2020,3,10,15,45,BRONX,40.878643,-73.871605,WEBSTER AVENUE,EAST GUN HILL ROAD,,0,0,14.0,0.0,0.0,1.0,14.9,233.0,87,59,52,49,33,47,67,101,135,175,223,236,246,252,280,321,261,244,238,212,174,135,119,131
2020,3,10,15,45,BRONX,40.878643,-73.871605,WEBSTER AVENUE,EAST GUN HILL ROAD,,0,0,14.0,0.0,0.0,1.0,14.9,233.0,69,67,50,49,54,63,99,153,202,225,246,301,312,340,347,534,403,428,470,451,302,212,170,162
2020,3,10,8,0,,40.87296,-73.87495,WEBSTER AVENUE,,,0,0,10.0,0.0,0.0,0.0,11.8,232.0,275,172,122,110,89,138,206,288,359,403,414,545,566,585,583,581,560,520,529,515,517,418,356,334
2020,3,10,8,0,,40.87296,-73.87495,WEBSTER AVENUE,,,0,0,10.0,0.0,0.0,0.0,11.8,232.0,154,105,90,81,58,88,183,284,355,358,410,456,498,547,531,575,579,597,603,563,443,326,314,281
2020,3,10,8,0,,40.87296,-73.87495,WEBSTER AVENUE,,,0,0,10.0,0.0,0.0,0.0,11.8,232.0,87,59,52,49,33,47,67,101,135,175,223,236,246,252,280,321,261,244,238,212,174,135,119,131
2020,3,10,8,0,,40.87296,-73.87495,WEBSTER AVENUE,,,0,0,10.0,0.0,0.0,0.0,11.8,232.0,69,67,50,49,54,63,99,153,202,225,246,301,312,340,347,534,403,428,470,451,302,212,170,162
2020,3,10,8,0,BRONX,40.89999,-73.85301,WHITE PLAINS ROAD,EAST 239 STREET,,1,0,10.0,0.0,0.0,0.0,11.8,232.0,192,153,123,118,118,132,143,138,215,218,276,299,346,363,397,372,354,354,359,336,278,224,210,181
2020,3,10,8,0,BRONX,40.89999,-73.85301,WHITE PLAINS ROAD,EAST 239 STREET,,1,0,10.0,0.0,0.0,0.0,11.8,232.0,283,246,200,201,182,150,160,224,283,320,335,359,412,435,405,462,490,447,410,425,422,372,376,299
2020,3,10,6,15,BRONX,40.854504,-73.867714,WHITE PLAINS ROAD,LYDIG AVENUE,,0,0,11.4,0.0,0.0,0.0,13.1,233.0,192,153,123,118,118,132,143,138,215,218,276,299,346,363,397,372,354,354,359,336,278,224,210,181
2020,3,10,6,15,BRONX,40.854504,-73.867714,WHITE PLAINS ROAD,LYDIG AVENUE,,0,0,11.4,0.0,0.0,0.0,13.1,233.0,283,246,200,201,182,150,160,224,283,320,335,359,412,435,405,462,490,447,410,425,422,372,376,299
2020,3,10,0,0,BRONX,40.90348,-73.85035,WHITE PLAINS ROAD,EAST 241 STREET,,1,0,14.7,0.0,0.0,0.0,11.7,225.0,192,153,123,118,118,132,143,138,215,218,276,299,346,363,397,372,354,354,359,336,278,224,210,181
2020,3,10,0,0,BRONX,40.90348,-73.85035,WHITE PLAINS ROAD,EAST 241 STREET,,1,0,14.7,0.0,0.0,0.0,11.7,225.0,283,246,200,201,182,150,160,224,283,320,335,359,412,435,405,462,490,447,410,425,422,372,376,299
2020,3,10,21,15,,40.86235,-73.894066,EAST FORDHAM ROAD,EAST KINGSBRIDGE ROAD,,0,0,16.3,0.0,0.0,8.0,17.6,223.0,903,683,515,605,571,468,637,991,1234,1456,1571,1867,2053,2125,2291,2193,2230,2313,2277,2173,1600,1436,1256,1196
2020,3,10,0,0,,40.825798,-73.88972,WESTCHESTER AVENUE,,,2,0,14.7,0.0,0.0,0.0,11.7,225.0,177,129,85,61,96,170,217,299,417,505,554,649,693,643,692,648,585,588,591,547,466,430,351,239
2020,3,10,2,0,,40.577244,-74.00004,NEPTUNE AVENUE,,,0,0,13.6,0.0,0.0,0.0,12.7,223.0,76,72,52,49,47,67,96,182,205,275,318,330,415,403,468,410,393,357,346,311,249,194,142,133
2020,3,10,2,0,,40.577244,-74.00004,NEPTUNE AVENUE,,,0,0,13.6,0.0,0.0,0.0,12.7,223.0,49,55,43,37,29,56,75,114,160,201,229,360,381,367,298,265,241,249,190,161,112,105,66,59
2020,1,11,0,0,QUEENS,40.665245,-73.73709,SOUTH CONDUIT AVENUE,140 AVENUE,,1,0,8.1,0.0,0.0,15.0,11.5,231.0,689,570,403,308,300,322,368,433,565,620,695,830,1009,1091,1159,1160,1168,1018,1029,983,908,790,612,563
2020,1,11,21,0,QUEENS,40.665497,-73.75573,SOUTH CONDUIT AVENUE,222 STREET,,0,0,15.7,0.0,0.0,14.0,21.9,200.0,689,570,403,308,300,322,368,433,565,620,695,830,1009,1091,1159,1160,1168,1018,1029,983,908,790,612,563
2020,1,11,13,45,BROOKLYN,40.635258,-73.92745,KINGS HIGHWAY,GLENWOOD ROAD,,1,0,10.2,0.0,0.0,25.0,17.1,208.0,102,64,34,20,26,32,46,73,126,164,182,213,214,242,239,250,242,259,243,213,173,137,111,87
2020,1,11,13,45,BROOKLYN,40.635258,-73.92745,KINGS HIGHWAY,GLENWOOD ROAD,,1,0,10.2,0.0,0.0,25.0,17.1,208.0,81,43,40,23,11,34,21,68,138,194,234,246,270,280,265,278,254,225,218,185,163,122,108,52
